Videocard Name,Passmark G3D Mark
256MB DDR Radeon 9800 XT,37
6FDF:FF,9528
7900 MOD - Radeon HD 6520G,610
7900 MOD - Radeon HD 6550D,892
A10-12Q,9493
A10-24Q,12089
A10-4Q,3343
A10-8Q,6647
A10G,13598
A16,5280
A16-16Q,3872
A16-1Q,3430
A16-2B,2178
A16-2Q,4747
A16-4Q,3884
A16-8Q,4428
A2-2Q,3331
A2-4Q,4422
A40,740
A40-24Q,3317
A40-48Q,10436
A40-4Q,3278
A40-8Q,7716
A6 Micro-6500T Quad-Core APU with RadeonR4,220
ABIT Siluro T400,3
ALL-IN-WONDER 9000,4
ALL-IN-WONDER 9800,23
ALL-IN-WONDER RADEON 8500DV,5
All-in-Wonder X1800XL,30
All-in-Wonder X1900,127
ALL-IN-WONDER X800 GT,84
AMD Ryzen Z1 Extreme,6439
AMIGAMERLIN 3.1-R1 For Voodoo 4 4500 PCI,3
ASUS A7000,9
ASUS AGP-V3800PRO v31.40H,4
ASUS EAH4870x2,496
Asus GTX 650 FML II EC-EGPU,720
ASUS V9520-X V62.11,7
B8DKMDAP,4557
Barco MXRT 1450,205
Barco MXRT 2600,900
Barco MXRT 5400,1161
Barco MXRT 5450,1079
Barco MXRT 5500,2701
Barco MXRT 5600,2465
Barco MXRT 7100,180
Barco MXRT 7400,900
Barco MXRT 7500,3753
Barco MXRT 7600,4943
BASICDISPLAY,69
Beijing Fantasy Technology Fantasy II-M,299
CARRIZO 9874,226
Citrix Indirect Display Adapter,1888
CMP 30HX,4891
CMP 40HX,8748
CONNECT 3D RADEON X300,36
Custom GPU 0405,2929
Custom GPU 0932,3257
CXDisplay Device,13988
Dell 8100,2
Dell 8200,4
Diamond X1300-PCIE 256MB,70
DisplayLink USB Device Ryzen 7 6800H,5414
EAH5450,134
EIZO Quadro MED-XN51LP,4951
EIZO Quadro MED-XN72,9036
EIZO Quadro MED-XN92,17035
Embedded Radeon E9173,1757
Eng Sample: 100-000000560-40_Y,5655
Eng Sample: 100-000000561-40_Y,4206
extension Adapter,6726
Extreme AX850 PRO,120
FireGL T2-128,30
FireGL V3100,52
FireGL V3200,84
FireGL V3300,70
FireGL V3350,68
FireGL V3400,103
FireGL V3600,179
FireGL V5100,92
FireGL V5200,114
FireGL V5600,341
FireGL V7100,71
FireGL V7200,116
FireGL V7300,128
FireGL V7350,110
FireGL V7600,615
FireGL V7700,660
FireGL V8600,838
FireGL V8650,550
FireGL X1,59
FireMV 2200 PCI,1
FireMV 2200 PCIe,36
FireMV 2250,45
FireMV 2260,117
FireMV 2400 PCIe,11
FireMV 2450,73
FirePro 2260,112
FirePro 2270,142
FirePro 2450,51
FirePro 2460,170
FirePro 3D V3700,178
FirePro 3D V3750,341
FirePro 3D V3800,472
FirePro 3D V4800,853
FirePro 3D V5700,546
FirePro 3D V5800,1231
FirePro 3D V7750,545
FirePro 3D V7800,1867
FirePro 3D V8700,1206
FirePro 3D V8750,1271
FirePro 3D V8800,2437
FirePro 3D V9800,2811
FirePro M2000,425
FirePro M4000,1598
FirePro M4000 Mobility Pro,1629
FirePro M40003,1364
Firepro M4100,1059
FirePro M4150,1011
FirePro M4170,1167
FirePro M5100,1874
FirePro M5100 FireGL V,1839
FirePro M5950,1314
FirePro M6000,1820
FirePro M6000 Mobility Pro,1690
FirePro M6100,2495
FirePro M6100 FireGL V,2884
FirePro M7740,665
FirePro R5000,2646
FirePro RG220,335
FirePro S10000,4537
FirePro S7000,4523
FirePro S7150,3770
FirePro S9000,5059
FirePro S9050,4901
FirePro V3800,320
FirePro V3900,631
FirePro V4900,1009
FirePro V5700,464
FirePro V5800,1184
FirePro V5900,1232
FirePro V7000,3161
FirePro V7800,2028
FirePro V7900,2260
FirePro V8700,1538
FirePro V8800,2280
FirePro V9800,2726
FirePro W2100,851
FirePro W4100,1497
FirePro W4170M,1050
Firepro W4190M,1168
FirePro W4300,2718
FirePro W5000,2967
FirePro W5100,2976
FirePro W5130M,1416
Firepro W5170M,1781
FirePro W600,1694
FirePro W6150M,2358
FirePro W7000,4309
FirePro W7000 Adapter,4382
FirePro W7100,5064
FirePro W7170M,3604
FirePro W8000,4259
FirePro W8100,6812
FirePro W9000,6157
FirePro W9100,7747
FireStream 9170,647
FireStream 9250,1164
FireStream 9270,1341
FireStream 9370,2528
GameViewer Virtual Display Adapter,10811
GeCube RADEON 7000,8
GeForce 205,126
GeForce 210,138
GeForce 240M GT,319
GeForce 256,5
GeForce 305M,150
GeForce 310,143
GeForce 310M,127
GeForce 315,196
GeForce 315M,114
GeForce 320M,209
GeForce 405,117
GeForce 410M,273
GeForce 505,143
GeForce 510,290
GeForce 605,330
GeForce 6100,27
GeForce 6100 nForce 400,25
GeForce 6100 nForce 405,26
GeForce 6100 nForce 420,25
GeForce 6100 nForce 430,23
GeForce 610M,292
GeForce 615,505
GeForce 6150,21
GeForce 6150 LE,33
GeForce 6150SE,24
GeForce 6150SE nForce 430,30
GeForce 6200,37
GeForce 6200 A-LE,32
GeForce 6200 LE,32
GeForce 6200 TurboCache,51
GeForce 6200A,3
GeForce 6200SE TurboCache,37
GeForce 6500,38
GeForce 6600,85
GeForce 6600 GT,142
GeForce 6600 LE,51
GeForce 6610 XL,88
GeForce 6700 XL,95
GeForce 6800,112
GeForce 6800 GS,191
GeForce 6800 GS/XT,102
GeForce 6800 GT,142
GeForce 6800 LE,109
GeForce 6800 Ultra,138
GeForce 6800 XE,58
GeForce 6800 XT,120
GeForce 7000M,13
GeForce 7000M / nForce 610M,12
GeForce 7025 / nForce 630a,32
GeForce 7050 / nForce 610i,25
GeForce 7050 / nForce 620i,41
GeForce 7050 / nForce 630i,37
GeForce 7050 PV / nForce 630a,31
GeForce 705M,455
GeForce 7100 / nForce 620i,26
GeForce 7100 / nForce 630i,41
GeForce 7100 GS,51
GeForce 710A,428
GeForce 710M,448
GeForce 7150 / nForce 630i,33
GeForce 7150M / nForce 630M,18
GeForce 7200 GS,23
GeForce 720A,577
GeForce 7300 GS,80
GeForce 7300 GT,123
GeForce 7300 LE,81
GeForce 7300 SE,39
GeForce 7300 SE/7200 GS,47
GeForce 730A,764
GeForce 7350 LE,74
GeForce 7500 LE,84
GeForce 7600 GS,166
GeForce 7600 GT,237
GeForce 7650 GS,134
GeForce 770M,3245
GeForce 7800 GS,177
GeForce 7800 GT,244
GeForce 7800 GTX,268
GeForce 7900 GS,262
GeForce 7900 GT,258
GeForce 7900 GT/GTO,247
GeForce 7900 GTX,387
GeForce 7950 GT,346
GeForce 7950 GX2,201
GeForce 7950 Xtreme,287
GeForce 800A,435
GeForce 800M,477
GeForce 8100 / nForce 720a,79
GeForce 810A,655
GeForce 810M,419
GeForce 8200,163
GeForce 8200M G,65
GeForce 820A,556
GeForce 820M,481
GeForce 825M,760
GeForce 8300,101
GeForce 8300 GS,115
GeForce 830A,1173
GeForce 830M,1003
GeForce 8400,81
GeForce 8400 GS,163
GeForce 8400 SE,68
GeForce 8400M G,105
GeForce 8400M GS,103
GeForce 8400M GT,66
GeForce 840A,1114
GeForce 840M,1099
GeForce 845M,1487
GeForce 8500 GT,169
GeForce 8600 GS,179
GeForce 8600 GT,140
GeForce 8600 GTS,184
GeForce 8600M GS,88
GeForce 8600M GT,163
GeForce 8700M GT,124
GeForce 8800 GS,330
GeForce 8800 GT,456
GeForce 8800 GTS,406
GeForce 8800 GTS 512,549
GeForce 8800 GTX,555
GeForce 8800 Ultra,642
GeForce 8800M GTS,382
GeForce 8800M GTX,462
GeForce 9100,81
GeForce 9100M G,83
GeForce 910M,599
GeForce 9200,168
GeForce 9200M GE,143
GeForce 9200M GS,129
GeForce 920A,829
GeForce 920M,717
GeForce 920MX,1063
GeForce 9300,126
GeForce 9300 / nForce 730i,128
GeForce 9300 GE,102
GeForce 9300 GS,102
GeForce 9300 SE,81
GeForce 9300GE,97
GeForce 9300M G,84
GeForce 9300M GS,118
GeForce 930A,1240
GeForce 930M,1012
GeForce 930MX,1276
GeForce 9400,146
GeForce 9400 GT,194
GeForce 9400M,101
GeForce 9400M G,94
GeForce 940A,1106
GeForce 940M,1133
GeForce 940MX,1508
GeForce 9450,104
GeForce 945A,1852
GeForce 945M,2108
GeForce 9500 GS,215
GeForce 9500 GT,190
GeForce 9500M,103
GeForce 9500M G,121
GeForce 9500M GS,132
GeForce 9600 GS,281
GeForce 9600 GSO,323
GeForce 9600 GSO 512,329
GeForce 9600 GT,473
GeForce 9600M GS,130
GeForce 9600M GT,163
GeForce 9600M GT / GeForce GT 220M,293
GeForce 9650M GS,270
GeForce 9650M GT,137
GeForce 9700M GT,327
GeForce 9700M GTS,311
GeForce 9800 GT,448
GeForce 9800 GT 1024MB,134
GeForce 9800 GTX,769
GeForce 9800 GTX+,488
GeForce 9800 GTX/9800 GTX+,570
GeForce 9800 GX2,612
GeForce 9800 S,635
GeForce 9800M GS,516
GeForce 9800M GT,381
GeForce 9800M GTS,356
GeForce 9800M GTX,454
GeForce 999 GTX,83
GeForce FX 5100,7
GeForce FX 5200,7
GeForce FX 5200 Ultra,12
GeForce FX 5200LE,7
GeForce FX 5200SE,11
GeForce FX 5500,8
GeForce FX 5600,12
GeForce FX 5600 Ultra,17
GeForce FX 5600XT,9
GeForce FX 5700,40
GeForce FX 5700 Ultra,34
GeForce FX 5700LE,24
GeForce FX 5700VE,33
GeForce FX 5900,34
GeForce FX 5900 Ultra,41
GeForce FX 5900XT,40
GeForce FX 5900ZT,32
GeForce FX 5950 Ultra,59
GeForce FX Go 5200,8
GeForce FX Go 5600,17
GeForce FX Go5300,12
GeForce FX Go5650,16
GeForce FX Go5700,51
GeForce G 103M,62
GeForce G 105M,92
GeForce G100,176
GeForce G102M,167
GeForce G105M,133
GeForce G200,136
GeForce G205M,91
GeForce G210,147
GeForce G210M,129
GeForce Go 6100,17
GeForce Go 6150,19
GeForce Go 6200,15
GeForce Go 6400,24
GeForce Go 6600,69
GeForce Go 6600 TE/6200 TE,44
GeForce Go 6800,106
GeForce Go 6800 Ultra,137
GeForce Go 7200,45
GeForce Go 7300,52
GeForce Go 7400,65
GeForce Go 7600,127
GeForce Go 7600 GT,210
GeForce Go 7700,147
GeForce Go 7800,114
GeForce Go 7800 GTX,209
GeForce Go 7900 GS,177
GeForce Go 7900 GTX,270
GeForce Go 7950 GTX,263
GeForce GPU,1152
GeForce GT 1010,972
GeForce GT 1030,2405
GeForce GT 120,187
GeForce GT 120 / 9500 GT,324
GeForce GT 120M,150
GeForce GT 130,381
GeForce GT 130M,145
GeForce GT 140,657
GeForce GT 220,222
GeForce GT 220M,160
GeForce GT 230,323
GeForce GT 230M,221
GeForce GT 240,493
GeForce GT 240M,211
GeForce GT 320,470
GeForce GT 320M,113
GeForce GT 325M,169
GeForce GT 330,393
GeForce GT 330M,220
GeForce GT 335M,367
GeForce GT 340,738
GeForce GT 415,251
GeForce GT 415M,286
GeForce GT 420,431
GeForce GT 420M,392
GeForce GT 425M,498
GeForce GT 430,602
GeForce GT 435M,535
GeForce GT 440,770
GeForce GT 445M,811
GeForce GT 520,323
GeForce GT 520M,284
GeForce GT 520MX,291
GeForce GT 525M,449
GeForce GT 530,662
GeForce GT 540M,474
GeForce GT 545,1114
GeForce GT 550M,561
GeForce GT 555M,647
GeForce GT 610,331
GeForce GT 610M / GT 620M / GT 710M / GT 720M / GT,368
GeForce GT 620,389
GeForce GT 620M,431
GeForce GT 625,374
GeForce GT 625M,484
GeForce GT 630,686
GeForce GT 630M,520
GeForce GT 635,809
GeForce GT 635M,539
GeForce GT 640,1168
GeForce GT 640M,900
GeForce GT 640M LE,698
GeForce GT 645,2005
GeForce GT 645M,943
GeForce GT 650M,1188
GeForce GT 705,370
GeForce GT 710,619
GeForce GT 710M,431
GeForce GT 720,659
GeForce GT 720A,566
GeForce GT 720M,440
GeForce GT 730,823
GeForce GT 730A,742
GeForce GT 730M,807
GeForce GT 735M,654
GeForce GT 740,1425
GeForce GT 740A,710
GeForce GT 740M,781
GeForce GT 745A,1233
GeForce GT 745M,1080
GeForce GT 750M,1333
GeForce GT 755M,1726
GeForce GT 820M,541
GeForce GT625M,421
GeForce GTS 150M,504
GeForce GTS 160M,678
GeForce GTS 240,515
GeForce GTS 250,568
GeForce GTS 250M,519
GeForce GTS 350M,380
GeForce GTS 360M,640
GeForce GTS 450,1338
GeForce GTX 1050,5035
GeForce GTX 1050 (Mobile),4462
GeForce GTX 1050 3GB,5102
GeForce GTX 1050 Ti,6350
GeForce GTX 1050 Ti (Mobile),5917
GeForce GTX 1050 Ti with Max-Q Design,5314
GeForce GTX 1050 with Max-Q Design,3920
GeForce GTX 1060,10063
GeForce GTX 1060 (Mobile),8160
GeForce GTX 1060 3GB,9820
GeForce GTX 1060 5GB,9189
GeForce GTX 1060 with Max-Q Design,7846
GeForce GTX 1070,13506
GeForce GTX 1070 (Mobile),10465
GeForce GTX 1070 Ti,14672
GeForce GTX 1070 with Max-Q Design,9841
GeForce GTX 1080,15611
GeForce GTX 1080 Ti,18598
GeForce GTX 1080 with Max-Q Design,11603
GeForce GTX 1630,4992
GeForce GTX 1650,7868
GeForce GTX 1650 (Mobile),6968
GeForce GTX 1650 SUPER,10187
GeForce GTX 1650 Ti,7519
GeForce GTX 1650 Ti with Max-Q Design,6570
GeForce GTX 1650 with Max-Q Design,6313
GeForce GTX 1660,11637
GeForce GTX 1660 SUPER,12692
GeForce GTX 1660 Ti,12735
GeForce GTX 1660 Ti (Mobile),10114
GeForce GTX 1660 Ti with Max-Q Design,8599
GeForce GTX 260,1200
GeForce GTX 260M,382
GeForce GTX 275,1350
GeForce GTX 280,1285
GeForce GTX 280M,575
GeForce GTX 285,1475
GeForce GTX 285M,584
GeForce GTX 295,1210
GeForce GTX 460,2277
GeForce GTX 460 SE,1992
GeForce GTX 460 v2,2044
GeForce GTX 460M,1217
GeForce GTX 465,2653
GeForce GTX 470,3147
GeForce GTX 470M,1953
GeForce GTX 480,4077
GeForce GTX 480M,1653
GeForce GTX 485M,2359
GeForce GTX 550 Ti,1555
GeForce GTX 555,1603
GeForce GTX 560,2772
GeForce GTX 560 SE,1847
GeForce GTX 560 Ti,3079
GeForce GTX 560M,1283
GeForce GTX 570,3929
GeForce GTX 570M,1879
GeForce GTX 580,4633
GeForce GTX 580M,1771
GeForce GTX 590,3341
GeForce GTX 645,1881
GeForce GTX 650,1756
GeForce GTX 650 Ti,2526
GeForce GTX 650 Ti BOOST,3409
GeForce GTX 660,4041
GeForce GTX 660 Ti,4412
GeForce GTX 660M,1451
GeForce GTX 670,5363
GeForce GTX 670M,1707
GeForce GTX 670MX,1977
GeForce GTX 675M,1854
GeForce GTX 675MX,2950
GeForce GTX 680,5614
GeForce GTX 680M,3276
GeForce GTX 680M KY_Bullet Edition,3568
GeForce GTX 680MX,3799
GeForce GTX 690,5535
GeForce GTX 745,2125
GeForce GTX 750,3312
GeForce GTX 750 Ti,3900
GeForce GTX 760,4815
GeForce GTX 760 Ti,5306
GeForce GTX 760 Ti OEM,5474
GeForce GTX 760A,1226
GeForce GTX 760M,1727
GeForce GTX 765M,2014
GeForce GTX 770,5959
GeForce GTX 770M,2784
GeForce GTX 775M,3927
GeForce GTX 780,7952
GeForce GTX 780 Ti,9464
GeForce GTX 780M,3858
GeForce GTX 850A,767
GeForce GTX 850M,2537
GeForce GTX 850M - MODDED,1091
GeForce GTX 860M,3091
GeForce GTX 870M,3535
GeForce GTX 880M,3833
GeForce GTX 950,5357
GeForce GTX 950A,2598
GeForce GTX 950M,2573
GeForce GTX 960,6133
GeForce GTX 960A,3464
GeForce GTX 960M,3374
GeForce GTX 965M,3866
GeForce GTX 970,9639
GeForce GTX 970M,5705
GeForce GTX 970XM FORCE,6706
GeForce GTX 980,11069
GeForce GTX 980 Ti,13705
GeForce GTX 980M,7360
GeForce GTX Titan,8181
GeForce GTX TITAN Black,9177
GeForce GTX TITAN X,12600
GeForce GTX TITAN Z,8810
GeForce MX110,1414
GeForce MX130,1803
GeForce MX150,2253
GeForce MX230,1826
GeForce MX250,2377
GeForce MX330,2348
GeForce MX350,2829
GeForce MX450,3721
GeForce MX550,4483
GeForce MX570,5737
GeForce MX570 A,6228
GeForce PCX 5300,6
GeForce PCX 5750,34
GeForce PCX 5900,34
GeForce RTX 2050,7713
GeForce RTX 2060,14114
GeForce RTX 2060 (Mobile),11352
GeForce RTX 2060 12GB,15939
GeForce RTX 2060 SUPER,16475
GeForce RTX 2060 with Max-Q Design,9655
GeForce RTX 2070,16063
GeForce RTX 2070 (Mobile),12357
GeForce RTX 2070 SUPER,18157
GeForce RTX 2070 Super with Max-Q Design,13443
GeForce RTX 2070 with Max-Q Design,11458
GeForce RTX 2080,18671
GeForce RTX 2080 (Mobile),15013
GeForce RTX 2080 SUPER,19467
GeForce RTX 2080 Super with Max-Q Design,13524
GeForce RTX 2080 Ti,21511
GeForce RTX 2080 with Max-Q Design,12740
GeForce RTX 3050 4GB Laptop GPU,9493
GeForce RTX 3050 6GB,10751
GeForce RTX 3050 6GB Laptop GPU,10126
GeForce RTX 3050 8GB,12532
GeForce RTX 3050 A Laptop GPU,11269
GeForce RTX 3050 Laptop GPU,12144
GeForce RTX 3050 OEM,11899
GeForce RTX 3050 Ti Laptop GPU,10080
GeForce RTX 3060,16971
GeForce RTX 3060 12GB,16777
GeForce RTX 3060 8GB,15215
GeForce RTX 3060 Laptop GPU,13169
GeForce RTX 3060 Ti,20305
GeForce RTX 3070,22167
GeForce RTX 3070 Laptop GPU,15177
GeForce RTX 3070 Ti,23296
GeForce RTX 3070 Ti Laptop GPU,17599
GeForce RTX 3080,25070
GeForce RTX 3080 12GB,26575
GeForce RTX 3080 Laptop GPU,16227
GeForce RTX 3080 Ti,26822
GeForce RTX 3080 Ti Laptop GPU,19054
GeForce RTX 3090,26590
GeForce RTX 3090 Ti,29389
GeForce RTX 4050 Laptop GPU,14337
GeForce RTX 4060,19545
GeForce RTX 4060 Laptop GPU,17402
GeForce RTX 4060 Ti,22637
GeForce RTX 4060 Ti 16GB,22705
GeForce RTX 4070,26917
GeForce RTX 4070 Laptop GPU,19552
GeForce RTX 4070 SUPER,29953
GeForce RTX 4070 Ti,31578
GeForce RTX 4070 Ti SUPER,31831
GeForce RTX 4080,34463
GeForce RTX 4080 Laptop GPU,24815
GeForce RTX 4080 SUPER,34227
GeForce RTX 4090,38110
GeForce RTX 4090 D,30620
GeForce RTX 4090 Laptop GPU,27085
GeForce RTX 5050,17101
GeForce RTX 5050 Laptop GPU,14867
GeForce RTX 5060,20822
GeForce RTX 5060 Laptop GPU,17309
GeForce RTX 5060 Ti 16GB,22782
GeForce RTX 5060 Ti 8GB,22636
GeForce RTX 5070,28834
GeForce RTX 5070 Laptop GPU,19592
GeForce RTX 5070 Ti,32527
GeForce RTX 5070 Ti Laptop GPU,23052
GeForce RTX 5080,35873
GeForce RTX 5080 Laptop GPU,26675
GeForce RTX 5090,38878
GeForce RTX 5090 D,40831
GeForce RTX 5090 D v2,30398
GeForce RTX 5090 Laptop GPU,28987
GeForce2 Go,4
GeForce2 GTS/GeForce2 Pro,3
GeForce2 Integrated GPU,4
GeForce2 MX,2
GeForce2 MX 100/200,3
GeForce2 MX with DVI-D and TV-out,4
GeForce2 MX with TV Out,2
GeForce2 MX/MX 400,3
GeForce2 Ti,4
GeForce2 Ultra,6
GeForce3,4
GeForce3 Ti 200,4
GeForce3 Ti 500,2
GeForce4 420 Go,3
GeForce4 420 Go 32M,5
GeForce4 4200 Go,3
GeForce4 440,4
GeForce4 440 Go,3
GeForce4 440 Go 64M,5
GeForce4 448 Go,5
GeForce4 MX 4000,4
GeForce4 MX 420,4
GeForce4 MX 440,4
GeForce4 MX 440 with AGP8X,4
GeForce4 MX 440SE,4
GeForce4 MX 460,4
GeForce4 MX Integrated GPU,6
GeForce4 Ti 4200,5
GeForce4 Ti 4400,7
GeForce4 Ti 4600,5
GeForce4 Ti 4800,5
GeForce4 Ti 4800 SE,6
GeForce9400M,105
GF117,554
Glenfly Arise-GT-10C0,1007
GRID GTX P40-6,4340
GRID K1,650
GRID K120Q,293
GRID K140Q,727
GRID K160Q,628
GRID K180Q,533
GRID K2,2736
GRID K220Q,912
GRID K240Q,2541
GRID K260Q,2949
GRID K280Q,2839
GRID K520,3516
GRID M10-0B,870
GRID M10-0Q,795
GRID M10-1B,1503
GRID M10-1Q,2384
GRID M10-2B,1643
GRID M10-2Q,2691
GRID M10-4Q,2976
GRID M10-8Q,2595
GRID M6-0B,911
GRID M6-1Q,2069
GRID M6-8Q,3568
GRID M60-0B,1838
GRID M60-0Q,827
GRID M60-1B,2256
GRID M60-1Q,3694
GRID M60-2Q,5203
GRID M60-4Q,3831
GRID M60-8A,5523
GRID M60-8Q,3883
GRID P100-16Q,5944
GRID P100-1B,2223
GRID P100-8Q,3345
GRID P4-1B,2151
GRID P4-1Q,729
GRID P4-2B4,2753
GRID P4-2Q,3162
GRID P4-4Q,6234
GRID P4-8A,3206
GRID P4-8Q,5283
GRID P40-12Q,5540
GRID P40-1B,3690
GRID P40-1Q,3839
GRID P40-24Q,7056
GRID P40-2B,9842
GRID P40-2B4,6501
GRID P40-2Q,9580
GRID P40-3Q,6569
GRID P40-4Q,5926
GRID P40-8Q,7507
GRID P6-2Q,3925
GRID P6-4Q,4429
GRID RTX6000-1B,8473
GRID RTX6000-1Q,12616
GRID RTX6000-24Q,6521
GRID RTX6000-6Q,21986
GRID RTX6000P-2B,3122
GRID RTX6000P-6Q,4777
GRID T4-16Q,4435
GRID T4-1B,1159
GRID T4-1Q,3302
GRID T4-2B,2730
GRID T4-2Q,3668
GRID T4-4Q,3598
GRID T4-8Q,4761
GRID V100-8Q,16
GRID V100D-8Q,4155
GT 430,223
ICE DISPLAY WDDM DRIVER,1784
IncrediblE HD,389
IncrediblE HD 4000,517
IncrediblE HD 4600,749
Intel - Express Chipset G41,56
Intel - Express Chipset Q45/Q43,57
Intel 2nd Generation SandyBridge HD,169
Intel 2nd Generation SandyBridge HD 3000,205
Intel 4th Generation Haswell HD,419
Intel 82845G Controller,2
Intel 82845G/GL Controller,2
Intel 82845G/GL/GE/PE/GV Controller,2
Intel 82852/82855 GM/GME Controller,1
Intel 82865G Controller,4
Intel 82915G Express,5
Intel 82915G/915GV/910GL,3
Intel 82915G/GV/910GL Advanced v3.5,2
Intel 82915G/GV/910GL Express,3
Intel 82945G Express,9
Intel 82945G Express-Chipsatzfamilie,8
Intel 865 Embedded Controller,3
"Intel 915G,910G Express",4
Intel 915G/915GV/910GL Embedded Controller Functio,4
Intel 945G Embedded Chipset Function 0,4
Intel 946GZ Embedded Chipset,3
Intel 946GZ Express,2
Intel Arc,5490
Intel Arc 130T GPU,6209
Intel Arc 130V GPU,4513
Intel Arc 140T,5634
Intel Arc 140T GPU,6685
Intel Arc 140V GPU,5172
Intel Arc A310,5438
Intel Arc A310 LP,4929
Intel Arc A370M,5115
Intel Arc A380,6295
Intel Arc A380E,6290
Intel Arc A530M,7993
Intel Arc A580,12044
Intel Arc A730M,9808
Intel Arc A750,12590
Intel Arc A770,13322
Intel Arc A770M,11854
Intel Arc B390 GPU,9452
Intel Arc B570,14067
Intel Arc B580,15978
Intel Arc GPU,9348
Intel Arc Pro,5859
Intel Arc Pro 130T GPU,6112
Intel Arc Pro 140T GPU,6697
Intel Arc Pro A40/A50,5652
Intel Arc Pro A60,9493
Intel Arc Pro B50,12483
Intel Arc Pro B60,14059
Intel B43 Express Chipset,138
Intel Coffee Lake UHD,1158
Intel Extreme Controller,1
Intel G33/G31 Express,35
Intel G35 Express,96
Intel G41 Express Chipset,152
Intel G41 Express-Chipsatz,57
Intel G45/G43 Express Chipset,144
Intel G45/G43/G41 Express Chipset,67
Intel G965 Express,195
Intel GMA 3150 Express,2
Intel Graphics,3174
Intel Haswell HD - GT1,123
Intel Haswell HD - GT2,139
Intel HD 2000,213
Intel HD 3000,261
Intel HD 4000,344
Intel HD 4400,529
Intel HD 4600,630
Intel HD 4600 manual-gen9_2015-134121,619
Intel HD 500,302
Intel HD 5000,586
Intel HD 505,360
Intel HD 510,620
Intel HD 515,637
Intel HD 520,861
Intel HD 5200,830
Intel HD 530,990
Intel HD 5300,407
Intel HD 5500,595
Intel HD 5600,1868
Intel HD 6000,873
Intel HD 610,677
Intel HD 615,692
Intel HD 630,1110
Intel HD Family,464
Intel HD Graphics 620,919
Intel HD manual-15.28-1861,62
Intel HD manual-gen9_2015-133271,165
Intel HD Modded,112
Intel HD P3000,282
Intel HD P4000,516
Intel HD P4600,505
Intel HD P4600/P4700,630
Intel HD P530,1153
Intel HD P630,1280
Intel Infoshock HD,193
Intel Iris 5100,728
Intel Iris 540,1269
Intel Iris 550,1446
Intel Iris 6100,899
Intel Iris 650,1432
Intel Iris Plus,1788
Intel Iris Plus 640,1354
Intel Iris Plus 645,1752
Intel Iris Plus 650,1591
Intel Iris Plus 655,1729
Intel Iris Pro 5200,1169
Intel Iris Pro 580,1985
Intel Iris Pro 6100,925
Intel Iris Pro Graphics 6200,1536
Intel Iris Pro P580,2025
Intel Iris Pro P6300,1582
Intel Iris Xe,2620
Intel Iris Xe MAX,1971
Intel Iris Xe MAX 100,1964
Intel Media Accelerator,32
Intel Media Accelerator 3150,2
Intel Media Accelerator 500,3
Intel Media Accelerator 600,6
Intel Media Accelerator HD,110
Intel Poison Ivy,738
Intel Q33 Express,7
Intel Q35 Embedded,8
Intel Q35 Express,58
Intel Q45/Q43 Express Chipset,202
Intel Q45/Q43 Express-Chipsatz,57
Intel Q965/Q963 Express,119
Intel Skylake HD DT GT2,576
Intel UHD 630,614
Intel UHD 770,790
Intel UHD Graphics,1512
Intel UHD Graphics 600,312
Intel UHD Graphics 605,364
Intel UHD Graphics 610,686
Intel UHD Graphics 615,717
Intel UHD Graphics 617,819
Intel UHD Graphics 620,1041
Intel UHD Graphics 630,1230
Intel UHD Graphics 710,1051
Intel UHD Graphics 730,1537
Intel UHD Graphics 750,1701
Intel UHD Graphics 770,1913
Intel UHD Graphics P630,1806
Intel UHD Graphics P750,1668
Intel US15 Embedded Media and Controller,7
ION,108
ION LE,97
L4,10153
L4-1B,1263
L4-1Q,258
L4-2A,3063
L4-2B,1674
L4-2Q,4062
L4-4Q,4942
L4-6Q,4473
L4-8Q,7846
L40-48Q,33269
L40-4Q,32600
L40-8Q,11670
L40S,20022
L40S-12Q,4426
L40S-1Q,2046
L40S-24Q,3257
L40S-4Q,4960
L40S-8Q,5414
LuminonCore IDDCX Adapter,6479
M860G with Mobility Radeon 4100,75
M880G with Mobility Radeon HD 4200,92
M880G with Mobility Radeon HD 4225,71
M880G with Mobility Radeon HD 4250,104
MacroSilicon USB Display Ryzen 7 6800U,3939
Master X3100 Driver,10
Matrox C420 LP PCIe x16,597
Matrox C680 PCIe x16,1803
Matrox C900 PCIe x16,1812
Matrox G200e WDDM 1.2,59
Matrox G200e WDDM 2.0,100
Matrox G200eh,40
Matrox G200eh WDDM 1.2,51
Matrox G200eh WDDM 2.0,54
Matrox G200eR,36
Matrox G200eR WDDM 1.2,45
Matrox G200eR WDDM 2.0,67
Matrox G200eW,39
Matrox G200eW WDDM 1.2,50
Matrox G200eW3 WDDM 2.0,89
Matrox LUMA A310,3690
Matrox LUMA A310F,3873
Matrox LUMA A380P,5811
Matrox M9120 PCIe x16,19
Matrox M9120 Plus LP PCIe x16,25
Matrox M9125 PCIe x16,25
Matrox M9128 LP PCIe x16,31
Matrox M9138 LP PCIe x16,433
Matrox M9140 LP PCIe x16,23
Matrox M9148 LP PCIe x16,40
Matrox M9188 ATX PCIe x16,45
Matrox Millennium P650 PCIe 128,5
Matrox Millennium P690 PCIe x16,366
Matrox Millennium P690 Plus LP PCIe x16,6
Matrox Parhelia 128MB,3
Matrox Parhelia 256MB,9
Matrox Parhelia APVe,5
MEDION RADEON 9800 XXL,71
MEDION RADEON X740XL,94
Meta Virtual Monitor,22443
Meta Virtual Monitor Ryzen 5 5625U,1008
Meta Virtual Monitor Ryzen 7 5700U,2235
Meta Virtual Monitor Ryzen 9 6900HX,5369
Mi Pad 5 Adreno 640 GPU,655
Microsoft Basic Display Adapter Ryzen 7 7730U,291
Miracast display port driver V3,8421
Mirage Driver,1261
MirrorOp Virtual Adaptor,3990
MirrorOp Virtual Adaptor Ryzen 5 7530U,1559
MirrorOp Virtual Adaptor Ryzen 5 PRO 6650U,2542
MirrorOp Virtual Adaptor Ryzen 7 7730U,2265
MirrorOp Virtual Adaptor Ryzen 7 PRO 5850U,1859
MIRRORV3,1080
Mobile Intel - famiglia Express Chipset 45,38
Mobile Intel 4 Express-Chipsatzfamilie,44
Mobile Intel 45 Express,38
Mobile Intel 45 Express-Chipsatzfamilie,117
Mobile Intel 915GM/GMS/910GML Express,1
Mobile Intel 945 Express,1
Mobile Intel 945GM Express,5
Mobile Intel 945GM/GU Express,5
Mobile Intel 965 Express,46
Mobile Intel 965 Express - BR-0907-0461 v1839,8
Mobile Intel 965 Express-Chipsatzfamilie,24
Mobile Intel HD,244
Mobile Intel serie 4 Express,44
Mobile Intel965 Express,17
MOBILITY FIREGL 7800,4
MOBILITY FIREGL T2,40
MOBILITY FIREGL T2/T2e,33
MOBILITY FireGL V3200,62
MOBILITY FireGL V5000,81
MOBILITY FireGL V5200,44
MOBILITY FireGL V5250,27
Mobility FireGL V5725,219
MOBILITY IGP 9000/9100,10
Mobility Radeon 4100,81
MOBILITY RADEON 7000 IGP,6
MOBILITY RADEON 7500,3
MOBILITY RADEON 9000,3
MOBILITY RADEON 9000 IGP,7
MOBILITY RADEON 9000/9100 IGP,5
MOBILITY RADEON 9100 IGP,2
MOBILITY RADEON 9200,3
MOBILITY RADEON 9550,30
MOBILITY RADEON 9600,36
MOBILITY RADEON 9600 PRO TURBO,24
MOBILITY RADEON 9600/9700,39
MOBILITY RADEON 9700,27
MOBILITY RADEON 9800,46
Mobility Radeon HD 2300,50
Mobility Radeon HD 2400,89
Mobility Radeon HD 2400 XT,102
Mobility Radeon HD 2600,167
Mobility Radeon HD 2600 XT,191
Mobility Radeon HD 3400 Serisi,111
Mobility Radeon HD 3410,62
Mobility Radeon HD 3430,98
Mobility Radeon HD 3450,91
Mobility Radeon HD 3470,93
Mobility Radeon HD 3470 Hybrid X2,93
Mobility Radeon HD 3650,139
Mobility Radeon HD 3670,232
Mobility Radeon HD 3850,365
Mobility Radeon HD 3870,547
Mobility Radeon HD 3870 X2,477
Mobility Radeon HD 4200,90
Mobility Radeon HD 4225,66
Mobility Radeon HD 4250,98
Mobility Radeon HD 4270,92
Mobility Radeon HD 4300 Serisi,73
Mobility Radeon HD 4330,135
Mobility Radeon HD 4350,148
Mobility Radeon HD 4550,191
Mobility Radeon HD 4570,149
Mobility Radeon HD 4650,401
Mobility Radeon HD 4670,463
Mobility Radeon HD 4830,511
Mobility Radeon HD 4850,866
Mobility Radeon HD 4870,719
Mobility Radeon HD 5000,773
Mobility Radeon HD 5000 Serisi,478
Mobility Radeon HD 5165,284
Mobility Radeon HD 530v,174
Mobility Radeon HD 540v,188
Mobility Radeon HD 5430,181
Mobility Radeon HD 5450,214
Mobility Radeon HD 545v,199
Mobility Radeon HD 5470,236
Mobility Radeon HD 550v,266
Mobility Radeon HD 5570,525
Mobility Radeon HD 560v,318
Mobility Radeon HD 5650,440
Mobility Radeon HD 565v,353
Mobility Radeon HD 5730,507
Mobility Radeon HD 5850,763
Mobility Radeon HD 5870,1075
Mobility Radeon HD serie 4200,96
Mobility Radeon X1300,39
Mobility Radeon X1350,39
Mobility Radeon X1400,42
Mobility Radeon X1450,33
Mobility Radeon X1600,92
Mobility Radeon X1700,104
MOBILITY RADEON X1800,130
Mobility Radeon X1900,134
Mobility Radeon X2300,48
Mobility Radeon X2300 HD,48
Mobility Radeon X2500,81
MOBILITY RADEON X300,33
MOBILITY RADEON X600,50
MOBILITY RADEON X600 SE,49
MOBILITY RADEON X700,66
MOBILITY RADEON X700 XL,59
MOBILITY RADEON XPRESS 200,27
Mobility Radeon. HD 5470,215
MOBILITY/RADEON 9000,4
MONSTER GeForce GTX 675M,2637
Moore Threads MTT S70,1914
Moore Threads S3000 MTvGPU-1132,1997
MxGPU,1282
N16P-GX,1204
N18E-Q1,2525
nForce 750a SLI,83
nForce 760i SLI,140
nForce 780a SLI,92
nForce 980a/780a SLI,164
NV44,15
NVIDIA A10,21687
NVIDIA A10-4Q,2756
NVIDIA A10G,17660
NVIDIA A40,13900
NVIDIA A40-12Q,4335
NVIDIA A40-4Q,4240
NVIDIA A40-8Q,4681
NVIDIA GeForce3 Ti200,5
NVIDIA TITAN X,13659
NVIDIA TITAN Xp,18790
NVS 2100M,136
NVS 300,120
NVS 310,278
NVS 3100M,120
NVS 315,338
NVS 4200M,308
NVS 510,680
NVS 5100M,199
NVS 5200M,496
NVS 5400M,616
NVS 810,1191
OPAL XT/GL,1053
P102-100,3300
P104-100,3677
P106-090,2466
P106-100,6627
Parsec Virtual Display Adapter,20847
Parsec Virtual Display Adapter Ryzen 5 3400G,2148
Parsec Virtual Display Adapter Ryzen 5 5600GT,2712
PCI\VEN_1002&DEV_164E&SUBSYS_D0001458&REV_C3 Ryzen,1653
PCI\VEN_1002&DEV_164E&SUBSYS_D0001458&REV_C7 Ryzen,4338
PHDGD Ivy 4,374
PHDGD Ivy 5,445
PHDGD Quantic C3,116
PHDGD Sapphire GR for Mobile Intel 965,25
PHDGD Solo 1.2.0 x86,11
PHDGD Solo 2 x64,20
Q12U-1,5164
Quadro 1000M,554
Quadro 1100M,755
Quadro 2000,946
Quadro 2000 D,1239
Quadro 2000D,979
Quadro 2000M,757
Quadro 2100M,1100
Quadro 280 NVS PCIe,5
Quadro 3000M,1002
Quadro 400,148
Quadro 4000,1475
Quadro 4000M,1287
Quadro 410,426
Quadro 5000,1963
Quadro 5000M,2059
Quadro 500M,570
Quadro 5010M,1691
Quadro 600,521
Quadro 6000,2691
Quadro 7000,3505
Quadro CX,947
Quadro FX 1000,34
Quadro FX 1100,35
Quadro FX 1300,34
Quadro FX 1400,124
Quadro FX 1500,169
Quadro FX 1500M,171
Quadro FX 1600M,194
Quadro FX 1700,216
Quadro FX 1700M,172
Quadro FX 1800,395
Quadro FX 1800M,485
Quadro FX 2000,18
Quadro FX 2500M,217
Quadro FX 2700,543
Quadro FX 2700M,366
Quadro FX 2800M,414
Quadro FX 3000,69
Quadro FX 3400/4400,104
Quadro FX 3450,148
Quadro FX 3450/4000 SDI,205
Quadro FX 350,85
Quadro FX 3500,265
Quadro FX 3500M,306
Quadro FX 350M,44
Quadro FX 3600M,466
Quadro FX 360M,86
Quadro FX 370,83
Quadro FX 370 Low Profile,102
Quadro FX 370 LP,108
Quadro FX 3700,371
Quadro FX 3700M,450
Quadro FX 370M,93
Quadro FX 380,194
Quadro FX 380 LP,144
Quadro FX 3800,823
Quadro FX 3800M,566
Quadro FX 380M,120
Quadro FX 4000,101
Quadro FX 4500,227
Quadro FX 4500 X2,236
Quadro FX 4600,403
Quadro FX 4700 X2,676
Quadro FX 4800,1006
Quadro FX 500/600 PCI,14
Quadro FX 500/FX 600,7
Quadro FX 540,80
Quadro FX 550,63
Quadro FX 5500,242
Quadro FX 560,113
Quadro FX 5600,525
Quadro FX 570,257
Quadro FX 570M,99
Quadro FX 580,180
Quadro FX 5800,1210
Quadro FX 770M,212
Quadro FX 880M,236
Quadro FX Go1400,101
Quadro GP100,13735
Quadro GV100,19013
Quadro K1000M,756
Quadro K1100M,1089
Quadro K1200,2964
Quadro K2000,1582
Quadro K2000D,1602
Quadro K2000M,1001
Quadro K2100M,1372
Quadro K2200,3580
Quadro K2200M,3534
Quadro K3000M,1619
Quadro K3100M,2273
Quadro K4000,2718
Quadro K4000M,2049
Quadro K4100M,2773
Quadro K420,725
Quadro K4200,4331
Quadro K5000,3989
Quadro K5000M,2804
Quadro K5100M,3263
Quadro K510M,641
Quadro K5200,6148
Quadro K600,722
Quadro K6000,7992
Quadro K610M,713
Quadro K620,2212
Quadro K620M,1159
Quadro M1000M,2843
Quadro M1200,3218
Quadro M2000,4024
Quadro M2000M,3412
Quadro M2200,4290
Quadro M3000M,5572
Quadro M4000,6677
Quadro M4000M,6140
Quadro M5000,9416
Quadro M5000M,7063
Quadro M500M,1171
Quadro M520,1912
Quadro M5500,7915
Quadro M6000,11773
Quadro M6000 24GB,11625
Quadro M600M,2240
Quadro M620,2770
Quadro NVS 110M,47
Quadro NVS 120M,46
Quadro NVS 130M,97
Quadro NVS 135M,50
Quadro NVS 140M,78
Quadro NVS 150M,70
Quadro NVS 160M,145
Quadro NVS 210S,23
Quadro NVS 210S / GeForce 6150LE,20
Quadro NVS 280 PCI,8
Quadro NVS 280 SD,2
Quadro NVS 285,43
Quadro NVS 285 128MB,38
Quadro NVS 290,228
Quadro NVS 295,111
Quadro NVS 320M,208
Quadro NVS 420,137
Quadro NVS 440,37
Quadro NVS 450,66
Quadro NVS 510M,238
Quadro NVS 55/280 PCI,6
Quadro P1000,4496
Quadro P2000,6965
Quadro P2000 with Max-Q Design,5357
Quadro P2200,9391
Quadro P3000,6389
Quadro P3200,8583
Quadro P3200 with Max-Q Design,9077
Quadro P400,1658
Quadro P4000,11427
Quadro P4000 with Max-Q Design,9082
Quadro P4200,10375
Quadro P4200 with Max-Q Design,11562
Quadro P500,1650
Quadro P5000,12712
Quadro P520,2033
Quadro P5200,11598
Quadro P5200 with Max-Q Design,12308
Quadro P600,3318
Quadro P6000,15530
Quadro P620,3700
Quadro RTX 3000,10851
Quadro RTX 3000 with Max-Q Design,8149
Quadro RTX 4000,14921
Quadro RTX 4000 (Mobile),11692
Quadro RTX 4000 with Max-Q Design,12137
Quadro RTX 5000,15440
Quadro RTX 5000 (Mobile),14832
Quadro RTX 5000 with Max-Q Design,12645
Quadro RTX 6000,17912
Quadro RTX 8000,19926
Quadro T1000,6498
Quadro T1000 with Max-Q Design,6700
Quadro T2000,7289
Quadro T2000 with Max-Q Design,6954
Quadro2 MXR/EX,4
Quadro2 Pro,1
Quadro4 380 XGL,6
Quadro4 900 XGL,4
Quadro4 980 XGL,5
Qualcomm Adreno 540 GPU,124
Qualcomm Adreno 618 GPU,128
Qualcomm Adreno 630 GPU,292
Qualcomm Adreno 675 GPU,539
Qualcomm Adreno 680 GPU,891
Qualcomm Adreno 685 GPU,889
Qualcomm Adreno 690 GPU,1071
Qualcomm Adreno 7c Gen 3 GPU,777
Qualcomm Adreno 7c+ Gen 3,699
Qualcomm Adreno 8cx Gen 3,1947
Qualcomm Adreno 8cx Gen 3 GPU,1909
Qualcomm Adreno X1-45 GPU,1886
Qualcomm Adreno X1-85 GPU,3037
QXL KMDOD,18
Racer-Tech USB Display Device,13692
Radeon 2100,59
Radeon 3000,98
Radeon 3015e,351
Radeon 3020e,503
Radeon 3100,73
Radeon 520,873
Radeon 530,1035
Radeon 535,1048
Radeon 535DX,773
Radeon 540,1452
Radeon 540X,1587
Radeon 550,2139
Radeon 550X,1474
Radeon 610M,1155
Radeon 610M Ryzen 9 7845HX,7053
Radeon 610M Ryzen 9 7940HX,1602
Radeon 610M Ryzen 9 7945HX,1750
Radeon 610M Ryzen 9 7945HX3D,1659
Radeon 610M Ryzen 9 8940HX,8138
Radeon 620,953
Radeon 625,1076
Radeon 630,1575
Radeon 6600M,536
Radeon 660M,3220
Radeon 660M Ryzen 3 7335U,2216
Radeon 660M Ryzen 5 6600H,4461
Radeon 660M Ryzen 5 7533HS,3007
Radeon 660M Ryzen 5 7535HS,3025
Radeon 6750M,911
Radeon 680M,3836
Radeon 680M Ryzen 7 7735HS,4330
Radeon 680M Ryzen 9 6900HX,5493
Radeon 7000 / Radeon VE,2
RADEON 7000 / RADEON VE Family,3
RADEON 7200,2
Radeon 740M,3043
RADEON 7500,3
RADEON 7500 Family,4
Radeon 760M,5443
Radeon 780M,6903
Radeon 8040S,10656
Radeon 8050S,16170
Radeon 8060S,18000
Radeon 820M,2120
Radeon 840M,3818
RADEON 8500 Family,6
Radeon 860M,4845
Radeon 880M,7735
Radeon 890M,8166
RADEON 9000,4
RADEON 9000 Family,3
RADEON 9100 Family,6
RADEON 9100 IGP,5
RADEON 9200,3
RADEON 9200 LE Family,2
RADEON 9200 PRO Family,2
RADEON 9200 SE,2
RADEON 9250,2
RADEON 9500,36
RADEON 9500 PRO / 9700,41
RADEON 9550,34
Radeon 9550 / X1050,29
RADEON 9600 Family,25
RADEON 9600 PRO,42
RADEON 9600 PRO Family,26
RADEON 9600 TX Family,18
RADEON 9600 XT,35
RADEON 9600SE,27
RADEON 9700 PRO,53
Radeon 9700 TX w/TV-Out,44
RADEON 9800,57
RADEON 9800 PRO,59
RADEON 9800 SE,23
RADEON 9800 XT,56
RADEON A9800XT,22
Radeon AI PRO R9700,28386
Radeon Athlon 300GE,562
Radeon Athlon Gold 3150U,789
Radeon Athlon Gold PRO 4150GE,1573
Radeon Athlon PRO 3045B,563
Radeon Athlon Silver 3050U,677
RADEON E2400,51
RADEON E4690,405
Radeon E6460,323
Radeon E6465,231
Radeon E6760,850
Radeon E8860,1686
Radeon E8870PCIe,3368
Radeon Eng Sample: 100-000000098-40_39/27_Y,1743
Radeon Eng Sample: 100-000000144-40_38/38_Y,1659
Radeon Eng Sample: 100-000000146-20_37/30_Y,2123
Radeon Eng Sample: 100-000000149-40_40/30_Y,1800
Radeon Eng Sample: 100-000000151-40_38/33_Y,1367
Radeon Eng Sample: 100-000000263-50_Y,3975
Radeon Eng Sample: 100-000000285-30_Y,2639
Radeon Eng Sample: 100-000000546-40_Y,3306
Radeon EPYC 4124P 4-Core,1260
Radeon EPYC 4244P 6-Core,1424
Radeon EPYC 4344P 8-Core,1634
Radeon EPYC 4364P 8-Core,886
Radeon EPYC 4464P 12-Core,1410
Radeon EPYC 4484PX 12-Core,1619
Radeon EPYC 4564P 16-Core,1226
Radeon EPYC 4584PX 16-Core,1661
Radeon HD 2350,76
Radeon HD 2400,120
Radeon HD 2400 PCI,14
Radeon HD 2400 Pro,114
Radeon HD 2400 XT,118
Radeon HD 2600 PRO,211
Radeon HD 2600 Pro AGP,110
Radeon HD 2600 XT,282
Radeon HD 2900 GT,292
Radeon HD 2900 PRO,627
Radeon HD 2900 XT,659
Radeon HD 3000,95
Radeon HD 3200,82
Radeon HD 3300,126
Radeon HD 3450,178
Radeon HD 3470,117
Radeon HD 3650 AGP,150
Radeon HD 3670,168
Radeon HD 3850,401
Radeon HD 3850 AGP,432
Radeon HD 3850 X2,822
Radeon HD 3870,551
Radeon HD 3870 X2,586
Radeon HD 4200,111
Radeon HD 4250,122
Radeon HD 4270,109
Radeon HD 4290,140
Radeon HD 4300/4500 Serisi,155
Radeon HD 4330,134
Radeon HD 4350,165
Radeon HD 4550,235
Radeon HD 4650,248
Radeon HD 4650 AGP,207
Radeon HD 4670,382
Radeon HD 4770,908
Radeon HD 4810,774
Radeon HD 4830,865
Radeon HD 4850,945
Radeon HD 4850 X2,1132
Radeon HD 4870,1386
Radeon HD 4870 X2,1309
Radeon HD 4890,1545
Radeon HD 5450,136
Radeon HD 5470,268
Radeon HD 5550,383
Radeon HD 5570,476
Radeon HD 5600/5700,615
Radeon HD 5670,797
Radeon HD 5750,1169
Radeon HD 5770,1348
Radeon HD 5830,1726
Radeon HD 5850,1954
Radeon HD 5870,2181
Radeon HD 5970,2296
Radeon HD 6230,179
Radeon HD 6250,93
Radeon HD 6290,104
Radeon HD 6290M,140
Radeon HD 6300M,144
Radeon HD 6310,122
Radeon HD 6320,147
Radeon HD 6320 Graphic,216
Radeon HD 6320M,198
RADEON HD 6350,140
Radeon HD 6370D,255
Radeon HD 6370M,275
Radeon HD 6380G,200
Radeon HD 6410D,236
Radeon HD 6430M,192
Radeon HD 6450,197
Radeon HD 6450 + 8470D Dual,762
Radeon HD 6450A,260
Radeon HD 6470M,225
Radeon HD 6480G,256
Radeon HD 6480M,353
Radeon HD 6490M,377
Radeon HD 6520G,300
Radeon HD 6530D,337
Radeon HD 6550A,707
Radeon HD 6550D,400
Radeon HD 6570,555
Radeon HD 6610M,565
Radeon HD 6620G,341
Radeon HD 6630M,684
Radeon HD 6650A,835
Radeon HD 6650M,762
Radeon HD 6670,728
Radeon HD 6670 + 6670 Dual,646
Radeon HD 6670 + 7660D Dual,1492
Radeon HD 6670/7670,945
Radeon HD 6700M,1016
Radeon HD 6750,1046
Radeon HD 6750M,937
Radeon HD 6770,1272
Radeon HD 6770M,964
Radeon HD 6790,1566
Radeon HD 6800M,752
Radeon HD 6850,1938
Radeon HD 6850 X2,2534
Radeon HD 6870,2205
Radeon HD 6900M,1707
Radeon HD 6950,2593
Radeon HD 6970,2828
Radeon HD 6970M,2270
Radeon HD 6990,3013
Radeon HD 7290,111
Radeon HD 7290M,123
Radeon HD 7310,128
Radeon HD 7310 - Carte graphique,174
Radeon HD 7310G,180
Radeon HD 7310M,166
Radeon HD 7340,153
Radeon HD 7340G,196
Radeon HD 7340M,221
Radeon HD 7350,165
Radeon HD 7400G,267
Radeon HD 7420G,315
Radeon HD 7450,223
Radeon HD 7450A,288
Radeon HD 7450M,329
Radeon HD 7470,289
Radeon HD 7470M,407
Radeon HD 7480D,281
Radeon HD 7500G,316
Radeon HD 7500G + 7500M/7600M Dual,616
Radeon HD 7500G + 7550M Dual,497
Radeon HD 7500G + HD 7500M/7600M Dual,355
Radeon HD 7520G,314
Radeon HD 7520G + 7400M Dual,486
Radeon HD 7520G + 7470M Dual,542
Radeon HD 7520G + 7500/7600 Dual,582
Radeon HD 7520G + 7600M Dual,591
Radeon HD 7520G + 7610M Dual,588
Radeon HD 7520G + 7650M Dual,453
Radeon HD 7520G + 7670M Dual,523
Radeon HD 7520G + 7700M Dual,1060
Radeon HD 7520G + 8600/8700M Dual,311
Radeon HD 7520G + 8750M Dual,376
Radeon HD 7520G + HD 7400M Dual,544
Radeon HD 7520G + HD 7500/7600 Dual,832
Radeon HD 7520G + HD 7600M Dual,447
Radeon HD 7520G + HD 7670M Dual,495
Radeon HD 7520G + HD 7700M Dual,574
Radeon HD 7520G + HD 8600/8700M Dual,623
Radeon HD 7520G + HD 8750M Dual,651
Radeon HD 7520G N HD 7520G + HD 7500/7600 7500/760,574
Radeon HD 7520G N HD 7520G + HD 7600M N HD 7600M D,364
Radeon HD 7540D,330
Radeon HD 7540D + 6570 Dual,719
Radeon HD 7540D + 7500 Dual,821
Radeon HD 7540D + HD 6450 Dual,643
Radeon HD 7550M,464
Radeon HD 7550M/7650M,728
Radeon HD 7560D,451
Radeon HD 7560D + 6450 Dual,568
Radeon HD 7560D + 6570 Dual,833
Radeon HD 7560D + 6670 Dual,1130
Radeon HD 7560D + 7560D Dual,982
Radeon HD 7560D + 7570 Dual,985
Radeon HD 7560D + 7670 Dual,1426
Radeon HD 7560D + 7700 Dual,1919
Radeon HD 7560D + HD 6570 Dual,1237
Radeon HD 7560D + HD 6670 Dual,1554
Radeon HD 7560D + HD 7000 Dual,534
Radeon HD 7560D + HD 7600 Dual,1258
Radeon HD 7560D + HD 7670 Dual,1380
Radeon HD 7560D + HD 7700 Dual,1346
Radeon HD 7560D + HD 8570 Dual,935
Radeon HD 7560D + R5 235 Dual,563
Radeon HD 7570,618
Radeon HD 7570M,419
Radeon HD 7570M/HD 7670M,699
Radeon HD 7580D,350
Radeon HD 7600G,333
Radeon HD 7600G + 6400M Dual,376
Radeon HD 7600G + 7450M Dual,389
Radeon HD 7600G + 7500M/7600M Dual,405
Radeon HD 7600G + 7550M Dual,423
Radeon HD 7600G + 8500M/8700M Dual,333
Radeon HD 7600G + HD 7400M Dual,328
Radeon HD 7600G + HD 7500M/7600M Dual,476
Radeon HD 7600G + HD 7550M Dual,509
Radeon HD 7600G + HD 8670M Dual,543
Radeon HD 7600G + HD Dual,435
Radeon HD 7600G N HD 7600G + HD ON HD Dual,526
Radeon HD 7600M + 7600M Dual,773
Radeon HD 7610M,632
Radeon HD 7620G,357
Radeon HD 7620G + 8600M Dual,508
Radeon HD 7620G + 8670M Dual,577
Radeon HD 7620G + HD 8600M Dual,442
Radeon HD 7620G + HD 8670M Dual,507
Radeon HD 7620G N HD 7620G + HD 8600M N HD 8600M D,451
Radeon HD 7640G,453
Radeon HD 7640G + 6400M Dual,526
Radeon HD 7640G + 7400M Dual,637
Radeon HD 7640G + 7450M Dual,754
Radeon HD 7640G + 7470M Dual,595
Radeon HD 7640G + 7500/7600 Dual,627
Radeon HD 7640G + 7500M/7600M Dual,775
Radeon HD 7640G + 7600M Dual,705
Radeon HD 7640G + 7610M Dual,510
Radeon HD 7640G + 7650M Dual,747
Radeon HD 7640G + 7670M Dual,644
Radeon HD 7640G + 7690M Dual,945
Radeon HD 7640G + 7700M Dual,690
Radeon HD 7640G + 8500M Dual,585
Radeon HD 7640G + 8570M Dual,558
Radeon HD 7640G + 8600/8700M Dual,688
Radeon HD 7640G + 8600M Dual,249
Radeon HD 7640G + 8670M Dual,558
Radeon HD 7640G + 8750M Dual,654
Radeon HD 7640G + HD 7400M Dual,576
Radeon HD 7640G + HD 7500/7600 Dual,423
Radeon HD 7640G + HD 7600M Dual,704
Radeon HD 7640G + HD 7600M N HD 7600M Dual,406
Radeon HD 7640G + HD 7670M Dual,518
Radeon HD 7640G + HD 7700M Dual,589
Radeon HD 7640G + HD 7700M N HD 7700M Dual,630
Radeon HD 7640G + HD 8500M Dual,607
Radeon HD 7640G + HD 8500M N HD 8500M Dual,665
Radeon HD 7640G + HD 8570M Dual,474
Radeon HD 7640G + HD 8600/8700M Dual,586
Radeon HD 7640G + HD 8670M Dual,677
Radeon HD 7640G + HD 8750M Dual,996
Radeon HD 7640G + R5 M200 Dual,559
Radeon HD 7640G N HD 7640G + HD 7600M N HD 7600M D,824
Radeon HD 7640G N HD 7640G + HD 7670M Dual,679
Radeon HD 7640G N HD 7640G + HD 8570M Dual,422
Radeon HD 7650A,555
Radeon HD 7650M,432
Radeon HD 7660D,513
Radeon HD 7660D + 6570 Dual,1100
Radeon HD 7660D + 6670 Dual,1238
Radeon HD 7660D + 7470 Dual,465
Radeon HD 7660D + 7500 Dual,1121
Radeon HD 7660D + 7540D Dual,1204
Radeon HD 7660D + 7670 Dual,1061
Radeon HD 7660D + HD 6670 Dual,1484
Radeon HD 7660D + HD 7000 Dual,633
Radeon HD 7660D + HD 7400 Dual,339
Radeon HD 7660D + HD 7700 Dual,1958
Radeon HD 7660D + R5 235 Dual,523
Radeon HD 7660D + R7 240 Dual,941
Radeon HD 7660G,480
Radeon HD 7660G + 7400M Dual,588
Radeon HD 7660G + 7470M Dual,630
Radeon HD 7660G + 7600M Dual,831
Radeon HD 7660G + 7610M Dual,745
Radeon HD 7660G + 7670M Dual,743
Radeon HD 7660G + 7700M Dual,757
Radeon HD 7660G + 7730M Dual,931
Radeon HD 7660G + 8600M Dual,445
Radeon HD 7660G + 8670M Dual,587
Radeon HD 7660G + HD 7500/7600 7500/7600 Dual,1002
Radeon HD 7660G + HD 7500/7600 Dual,760
Radeon HD 7660G + HD 7500M/7600M Dual,999
Radeon HD 7660G + HD 7600M Dual,568
Radeon HD 7660G + HD 7600M N HD 7600M Dual,460
Radeon HD 7660G + HD 7670M Dual,706
Radeon HD 7660G + HD 7700M Dual,777
Radeon HD 7660G + HD 7730M Dual,881
Radeon HD 7660G + HD 8500M Dual,758
Radeon HD 7660G + HD 8600/8700M Dual,747
Radeon HD 7660G + HD 8600M Dual,363
Radeon HD 7660G + HD 8670M Dual,711
Radeon HD 7660G N HD 7660G + HD 7600M N HD 7600M D,722
Radeon HD 7660G N HD 7660G + HD 7670M Dual,704
Radeon HD 7660G N HD 7660G + HD 7700M N HD 7700M D,966
Radeon HD 7670,802
Radeon HD 7670A,1050
Radeon HD 7670M,475
Radeon HD 7670M + 7670M Dual,738
Radeon HD 7690M,832
Radeon HD 7690M XT,1009
Radeon HD 7700-serie,1899
Radeon HD 7730,1163
Radeon HD 7730M,787
Radeon HD 7750,1701
Radeon HD 7750M,1191
Radeon HD 7770,2172
Radeon HD 7790,3090
Radeon HD 7800-serie,4029
Radeon HD 7850,3898
Radeon HD 7850M,1372
Radeon HD 7870,4566
Radeon HD 7870 XT,4469
Radeon HD 7870M,1507
Radeon HD 7950 / R9 280,4764
Radeon HD 7970 / R9 280X,5247
Radeon HD 7970M,3662
Radeon HD 7990,5565
Radeon HD 8180,134
Radeon HD 8210,194
Radeon HD 8210E,193
Radeon HD 8240,246
Radeon HD 8250,212
Radeon HD 8280,260
Radeon HD 8280E,256
Radeon HD 8280G,269
Radeon HD 8310E,340
Radeon HD 8330,275
Radeon HD 8330E,262
Radeon HD 8350,162
Radeon HD 8350G,258
Radeon HD 8370D,316
Radeon HD 8400,272
Radeon HD 8400E,275
Radeon HD 8410G,435
Radeon HD 8450G,333
Radeon HD 8450G + 8600/8700M Dual,1070
Radeon HD 8450G + 8600M Dual,545
Radeon HD 8450G + 8670M Dual,474
Radeon HD 8450G + 8750M Dual,637
Radeon HD 8450G + HD 8600M Dual,452
Radeon HD 8450G + HD 8670M Dual,477
Radeon HD 8450G + HD 8750M Dual,503
Radeon HD 8450G + R5 M230 Dual,578
Radeon HD 8470,246
Radeon HD 8470D,374
Radeon HD 8470D + 6450 Dual,717
Radeon HD 8470D + 6570 Dual,837
Radeon HD 8470D + HD 6450 Dual,862
Radeon HD 8470D + HD 6670 Dual,1435
Radeon HD 8470D + HD 7500 Dual,1545
Radeon HD 8490,263
Radeon HD 8500M,447
Radeon HD 8500M/8700M,852
Radeon HD 8510G,373
Radeon HD 8510G + 8500M Dual,596
Radeon HD 8510G + HD 8500M Dual,629
Radeon HD 8550D,566
Radeon HD 8550G,414
Radeon HD 8550G + 7600M Dual,901
Radeon HD 8550G + 8500M Dual,602
Radeon HD 8550G + 8570M Dual,532
Radeon HD 8550G + 8600/8700M Dual,802
Radeon HD 8550G + 8600M Dual,617
Radeon HD 8550G + 8670M Dual,579
Radeon HD 8550G + 8690M Dual,664
Radeon HD 8550G + 8750M Dual,795
Radeon HD 8550G + HD 7600M Dual,547
Radeon HD 8550G + HD 8500M Dual,558
Radeon HD 8550G + HD 8570M Dual,529
Radeon HD 8550G + HD 8600/8700M Dual,654
Radeon HD 8550G + HD 8600M Dual,593
Radeon HD 8550G + HD 8670M Dual,546
Radeon HD 8550G + HD 8750M Dual,819
Radeon HD 8550G + R5 M200 Dual,619
Radeon HD 8550G + R5 M230 Dual,487
Radeon HD 8550G N HD 8550G + HD 8600M N HD 8600M D,611
Radeon HD 8570,943
Radeon HD 8570 + 8670D Dual,620
Radeon HD 8570 + HD 7660D Dual,949
Radeon HD 8570D,414
Radeon HD 8570D + 6570 Dual,1239
Radeon HD 8570D + 6670 Dual,1039
Radeon HD 8570D + HD 6570 Dual,868
Radeon HD 8570D + HD 6670 Dual,1260
Radeon HD 8570D + HD 7000 Dual,753
Radeon HD 8570D + HD 7700 Dual,1834
Radeon HD 8570D + HD 8470 Dual,338
Radeon HD 8570D + HD 8570 Dual,1032
Radeon HD 8570D + HD8490 Dual,374
Radeon HD 8570D + R5 235 Dual,470
Radeon HD 8570D + R7 200 Dual,999
Radeon HD 8570D + R7 240 Dual,963
Radeon HD 8570M,449
Radeon HD 8600/8700M,1029
Radeon HD 8610G,399
Radeon HD 8610G + 8500M Dual,610
Radeon HD 8610G + 8600M Dual,588
Radeon HD 8610G + 8670M Dual,599
Radeon HD 8610G + HD 8500M Dual,645
Radeon HD 8610G + HD 8600M Dual,480
Radeon HD 8610G + HD 8670M Dual,577
Radeon HD 8610G + R5 M200 Dual,676
Radeon HD 8650D,396
Radeon HD 8650G,501
Radeon HD 8650G + 7600M Dual,741
Radeon HD 8650G + 7670M Dual,883
Radeon HD 8650G + 7700M Dual,1126
Radeon HD 8650G + 8500M Dual,626
Radeon HD 8650G + 8570M Dual,654
Radeon HD 8650G + 8600/8700M Dual,831
Radeon HD 8650G + 8600M Dual,613
Radeon HD 8650G + 8670M Dual,635
Radeon HD 8650G + 8750M Dual,786
Radeon HD 8650G + HD 7600M Dual,819
Radeon HD 8650G + HD 7670M Dual,634
Radeon HD 8650G + HD 8570M Dual,716
Radeon HD 8650G + HD 8600/8700M Dual,763
Radeon HD 8650G + HD 8600M Dual,606
Radeon HD 8650G + HD 8600M N HD 8600M Dual,757
Radeon HD 8650G + HD 8670M Dual,585
Radeon HD 8650G + HD 8750M Dual,651
Radeon HD 8650G + HD 8790M Dual,799
Radeon HD 8650G + R5 M200 Dual,722
Radeon HD 8650G + R5 M230 Dual,686
Radeon HD 8650G N HD 8650G + HD 8570M Dual,773
Radeon HD 8650G N HD 8650G + HD 8600/8700M Dual,796
Radeon HD 8650G N HD 8650G + HD 8600M N HD 8600M D,679
Radeon HD 8670D,517
Radeon HD 8670D + 6670 Dual,1361
Radeon HD 8670D + 7000 Dual,811
Radeon HD 8670D + 7700 Dual,1788
Radeon HD 8670D + 8570 Dual,974
Radeon HD 8670D + HD 6670 Dual,1221
Radeon HD 8670D + HD 7000 Dual,718
Radeon HD 8670D + HD 7600 Dual,1317
Radeon HD 8670D + HD 7700 Dual,1892
Radeon HD 8670D + R5 235 Dual,836
Radeon HD 8670D + R5 330 Dual,746
Radeon HD 8670D + R7 200 Dual,949
Radeon HD 8670D + R7 240 Dual,1020
Radeon HD 8670D N HD 8670D + HD 8670D Dual,488
Radeon HD 8670M,520
Radeon HD 8690A,514
Radeon HD 8690M,984
Radeon HD 8730M,818
Radeon HD 8750M,1053
Radeon HD 8790M,1305
Radeon HD 8790M / R9 M290X,1210
Radeon HD 8850M,973
Radeon HD 8850M / R9 M265X,1139
Radeon HD 8870M,1638
Radeon HD 8870M / R9 M270X / M370X,1799
Radeon HD 8950,2827
Radeon HD 8970M,3876
Radeon HD 8990,5214
Radeon HD HD7850M,1727
Radeon HD4650,239
Radeon HD4670,365
RADEON HD6370D,320
RADEON HD6410D,422
RADEON HD6530D,531
RADEON HD7450,199
Radeon HD8530M,490
Radeon HD8970M,3368
Radeon HDG 4670,170
RADEON IGP 320,3
Radeon IGP 320M,3
Radeon IGP 340M,2
RADEON IGP 345M,2
RADEON IGP 34xM,1
RADEON IGP 350M,6
Radeon Infoshock 3000,106
Radeon Instinct MI25 MxGPU,4403
Radeon M535DX,749
Radeon Pro,2365
Radeon Pro 450,2722
Radeon Pro 455,3112
Radeon Pro 460,3452
Radeon Pro 465,4537
Radeon Pro 5300,7125
Radeon Pro 5300M,5852
Radeon Pro 5500 XT,7910
Radeon Pro 5500M,6735
Radeon Pro 555,3140
Radeon Pro 560,3475
Radeon Pro 5600M,9324
Radeon Pro 560X,3677
Radeon Pro 570,6336
Radeon Pro 5700,11456
Radeon Pro 5700 XT,12453
Radeon Pro 580,7753
Radeon Pro 580X,7540
Radeon Pro Duo,8298
Radeon PRO Ryzen 5 PRO 6650U,3998
Radeon PRO Ryzen 7 PRO 6850U,5606
Radeon Pro SSG,10971
Radeon Pro V340 MxGPU,2853
Radeon Pro V520 MxGPU,12257
Radeon Pro V620 MxGPU,15632
Radeon Pro Vega 16,4809
Radeon Pro Vega 20,5168
Radeon Pro Vega 48,11269
Radeon Pro Vega 56,12104
Radeon Pro Vega 64,12881
Radeon Pro Vega 64X,13369
Radeon Pro Vega II,15596
Radeon Pro Vega II Duo,14018
Radeon Pro VII,13311
Radeon Pro W5500,8912
Radeon Pro W5500M,3469
Radeon Pro W5500X,7350
Radeon Pro W5700,14129
Radeon Pro W5700X,16012
Radeon PRO W6300,5559
Radeon PRO W6400,8428
Radeon PRO W6600,14931
Radeon PRO W6600M,11407
Radeon PRO W6600X,13113
Radeon PRO W6800,20270
Radeon Pro W6800X Duo,14742
Radeon PRO W7500,13298
Radeon PRO W7600,16442
Radeon PRO W7700,23061
Radeon PRO W7800,27180
Radeon PRO W7900,27935
Radeon Pro WX 2100,1874
Radeon Pro WX 3100,2587
Radeon Pro WX 3200,2216
Radeon Pro WX 4100,3682
Radeon Pro WX 4130,1890
Radeon Pro WX 4150,2675
Radeon Pro WX 4170,2869
Radeon Pro WX 5100,5503
Radeon Pro WX 7100,7699
Radeon Pro WX 7130,6495
Radeon Pro WX 8200,12614
Radeon Pro WX 9100,12226
Radeon Pro WX Vega M GL,4498
Radeon R1E,301
Radeon R2,254
Radeon R2E,211
Radeon R3,313
Radeon R3E,224
Radeon R4,346
Radeon R4E,487
Radeon R5 220,147
Radeon R5 230,221
Radeon R5 235,336
Radeon R5 235 + HD 7560D Dual,743
Radeon R5 235 + HD 8570D Dual,737
Radeon R5 235X,277
Radeon R5 240,558
Radeon R5 310,331
Radeon R5 330,522
Radeon R5 340,889
Radeon R5 420,574
Radeon R5 430,886
Radeon R5 435,761
Radeon R5 A10-9600P 4C+6G,619
"Radeon R5 A10-9600P RADEON R5, 10 COMPUTE CORES 4C",703
Radeon R5 A10-9620P 4C+6G,731
"Radeon R5 A10-9620P RADEON R5, 10 COMPUTE CORES 4C",651
Radeon R5 A10-9630P 4C+6G,977
"Radeon R5 A10-9630P RADEON R5, 10 COMPUTE CORES 4C",789
Radeon R5 A240,576
Radeon R5 A6-7480,693
Radeon R5 A6-8500P,586
"Radeon R5 A6-9400 RADEON R5, 6 COMPUTE CORES 2C+4G",605
Radeon R5 A6-9500 2C+6G,853
"Radeon R5 A6-9500 RADEON R5, 8 COMPUTE CORES 2C+6G",902
Radeon R5 A6-9500E 2C+4G,1014
"Radeon R5 A6-9500E RADEON R5, 6 COMPUTE CORES 2C+4",720
Radeon R5 M230,424
Radeon R5 M240,472
Radeon R5 M255,543
Radeon R5 M315,489
Radeon R5 M320,475
Radeon R5 M330,595
Radeon R5 M335,548
Radeon R5 M420,503
Radeon R5 M430,648
Radeon R5 M435,859
Radeon R5 Opteron X3216,415
Radeon R5 PRO A10-8730B 4C+6G,695
"Radeon R5 PRO A10-8730B R5, 10 COMPUTE CORES 4C+6G",615
Radeon R5 PRO A6-8500B 2C+4G,508
"Radeon R5 PRO A6-8500B R5, 6 Compute Cores 2C+4G",510
Radeon R5 PRO A6-8530B 2C+4G,689
"Radeon R5 PRO A6-8530B R5, 6 COMPUTE CORES 2C+4G",463
Radeon R5 PRO A6-8570 2C+6G,847
"Radeon R5 PRO A6-8570 R5, 8 COMPUTE CORES 2C+6G",953
Radeon R5 PRO A6-8570E 2C+4G,637
"Radeon R5 PRO A6-8570E R5, 6 COMPUTE CORES 2C+4G",678
Radeon R5 PRO A6-9500 2C+6G,1096
"Radeon R5 PRO A6-9500 R5, 8 COMPUTE CORES 2C+6G",765
Radeon R5 PRO A6-9500B 2C+4G,693
"Radeon R5 PRO A6-9500B R5, 6 COMPUTE CORES 2C+4G",412
Radeon R5 PRO A6-9500E 2C+4G,770
Radeon R5 PRO A8-9600B 4C+6G,658
"Radeon R5 PRO A8-9600B R5, 10 COMPUTE CORES 4C+6G",578
Radeon R5E,315
Radeon R6,611
Radeon R6 + R7 M265DX Dual,570
Radeon R6 A10-8700P,545
Radeon R6 A10-9600P 4C+6G,970
Radeon R6 A8-8600P,474
Radeon R6 M255DX,605
Radeon R6 Opteron X3418,955
Radeon R6 PRO A10-8700B 4C+6G,538
"Radeon R6 PRO A10-8700B R6, 10 Compute Cores 4C+6G",549
Radeon R6 PRO A8-8600B 4C+6G,531
"Radeon R6 PRO A8-8600B R6, 10 Compute Cores 4C+6G",584
Radeon R7 + HD 7700 Dual,1962
Radeon R7 + R5 330 Dual,1028
Radeon R7 + R5 340 Dual,1234
Radeon R7 + R5 435 Dual A10-9700 RADEON,885
Radeon R7 + R5 Dual,897
Radeon R7 + R7 200 Dual,1077
Radeon R7 + R7 240 Dual,1045
Radeon R7 + R7 250 Dual,1232
Radeon R7 + R7 350 Dual,1982
Radeon R7 +8G,1190
Radeon R7 240,902
Radeon R7 240 + HD 8570D Dual,917
Radeon R7 240 + HD 8670D Dual,930
Radeon R7 250,1049
Radeon R7 250X,2268
Radeon R7 260,2891
Radeon R7 260X,3198
Radeon R7 340,960
Radeon R7 360,3118
Radeon R7 370,4482
Radeon R7 430,1097
Radeon R7 450,1885
Radeon R7 7850A10-7850K,551
Radeon R7 A10 Extreme Edition,843
Radeon R7 A10 PRO-7800B,721
Radeon R7 A10 PRO-7850B,822
Radeon R7 A10-7700K,771
Radeon R7 A10-7800,740
Radeon R7 A10-7850K,926
Radeon R7 A10-7860K,876
Radeon R7 A10-7870K,1066
Radeon R7 A10-7890K,998
Radeon R7 A10-8750,856
Radeon R7 A10-8850,773
Radeon R7 A10-9700 RADEON,904
Radeon R7 A10-9700E RADEON,887
Radeon R7 A12-9700P RADEON,687
Radeon R7 A12-9720P RADEON,726
Radeon R7 A12-9730P RADEON,1014
Radeon R7 A12-9800 RADEON,1069
Radeon R7 A12-9800E RADEON,942
Radeon R7 A265,993
Radeon R7 A360,615
Radeon R7 A365,781
Radeon R7 A370,1281
Radeon R7 A8 PRO-7600B,643
Radeon R7 A8-7500,811
Radeon R7 A8-7500 4C+6G,853
Radeon R7 A8-7600,775
Radeon R7 A8-7650K,757
Radeon R7 A8-7670K,846
Radeon R7 A8-7680,790
Radeon R7 A8-8650,718
Radeon R7 A8-9600 RADEON,857
Radeon R7 FX-8800P,819
Radeon R7 FX-9800P RADEON,759
Radeon R7 FX-9830P RADEON,1347
Radeon R7 G,869
Radeon R7 M260,527
Radeon R7 M260DX,816
Radeon R7 M260X,1013
Radeon R7 M265,559
Radeon R7 M265DX,498
Radeon R7 M270,775
Radeon R7 M340,645
Radeon R7 M350,1075
Radeon R7 M360,586
Radeon R7 M365X,824
Radeon R7 M370,1417
Radeon R7 M380,1668
Radeon R7 M440,902
Radeon R7 M445,945
Radeon R7 M460,1069
Radeon R7 M465,1058
Radeon R7 M465X,1786
Radeon R7 Opteron X3421,1103
Radeon R7 PRO A10-8750B,784
Radeon R7 PRO A10-8770,897
Radeon R7 PRO A10-8770E,796
Radeon R7 PRO A10-8850B,945
Radeon R7 PRO A10-9700,822
Radeon R7 PRO A10-9700B,628
Radeon R7 PRO A10-9700E,921
Radeon R7 PRO A12-8800B,610
Radeon R7 PRO A12-8830B,579
Radeon R7 PRO A12-8870,981
Radeon R7 PRO A12-8870E,875
Radeon R7 PRO A12-9800,939
Radeon R7 PRO A12-9800B,682
Radeon R7 PRO A12-9800E,967
Radeon R7 PRO A6-9500 2C+6G,781
Radeon R7 PRO A8-8650B,726
Radeon R7 PRO A8-8670E,1162
Radeon R7 PRO A8-9600,837
Radeon R7E,564
Radeon R8 M365DX,647
Radeon R8 M445DX,796
Radeon R8 M535DX,670
Radeon R9 255,1501
Radeon R9 260,3047
Radeon R9 270,4306
Radeon R9 270 / R7 370,4259
Radeon R9 270X,4874
Radeon R9 280,5532
Radeon R9 280X,6095
Radeon R9 285 / 380,5549
Radeon R9 290,8181
Radeon R9 290 / 390,8150
Radeon R9 290X,8426
Radeon R9 290X / 390X,8380
Radeon R9 295X2,8734
Radeon R9 350,1997
Radeon R9 360,3031
Radeon R9 370,4722
Radeon R9 380,5997
Radeon R9 380X,6132
Radeon R9 390,8849
Radeon R9 390X,9279
Radeon R9 Fury,9513
Radeon R9 Fury + Fury X,9741
Radeon R9 Fury X,9379
Radeon R9 M265X,1168
Radeon R9 M270X,1204
Radeon R9 M275,1114
Radeon R9 M275X,1630
Radeon R9 M275X / M375,1574
Radeon R9 M280X,813
Radeon R9 M290X,3217
Radeon R9 M295X,5150
Radeon R9 M360,1820
Radeon R9 M365X,1481
Radeon R9 M370X,1566
Radeon R9 M375,998
Radeon R9 M375X,1710
Radeon R9 M380,2752
Radeon R9 M385,2060
Radeon R9 M385X,1993
Radeon R9 M390X,3895
Radeon R9 M395,4877
Radeon R9 M395X,5083
Radeon R9 M470,2330
Radeon R9 M470X,3244
Radeon R9 M485X,3800
Radeon RX 460,4099
Radeon RX 470/570,7933
Radeon RX 480,8543
Radeon RX 5300,7605
Radeon RX 5300M,5044
Radeon RX 540,2134
Radeon RX 550,2675
Radeon RX 5500,8837
Radeon RX 5500 XT,9079
Radeon RX 5500M,5953
Radeon RX 550X,2378
Radeon RX 560,3681
Radeon RX 5600,11752
Radeon RX 5600 OEM,12333
Radeon RX 5600 XT,13449
Radeon RX 5600M,8879
Radeon RX 560X,3339
Radeon RX 5700,14299
Radeon RX 5700 XT,16173
Radeon RX 5700 XT 50th Anniversary,16588
Radeon RX 570X,1923
Radeon RX 580,8798
Radeon RX 580 2048SP,7632
Radeon RX 580X,7600
Radeon RX 590,9314
Radeon RX 6300,5314
Radeon RX 6300M,6421
Radeon RX 640,2171
Radeon RX 6400,7732
Radeon RX 6500,7610
Radeon RX 6500 XT,9607
Radeon RX 6500M,7431
Radeon RX 6550M,9686
Radeon RX 6600,15085
Radeon RX 6600 LE,13746
Radeon RX 6600 XT,16452
Radeon RX 6600M,13922
Radeon RX 6600S,13016
Radeon RX 6650 XT,17147
Radeon RX 6650M,15178
Radeon RX 6650M XT,17070
Radeon RX 6700,18927
Radeon RX 6700 XT,19748
Radeon RX 6700M,13535
Radeon RX 6700S,15052
Radeon RX 6750 GRE 10GB,18769
Radeon RX 6750 GRE 12GB,20096
Radeon RX 6750 XT,20681
Radeon RX 6800,22052
Radeon RX 6800 XT,24982
Radeon RX 6800M,13276
Radeon RX 6800S,15865
Radeon RX 6850M,12274
Radeon RX 6850M XT,17367
Radeon RX 6900 XT,26727
Radeon RX 6950 XT,28099
Radeon RX 7400,11976
Radeon RX 7600,16580
Radeon RX 7600 XT,17271
Radeon RX 7600M,10999
Radeon RX 7600M XT,14663
Radeon RX 7600S,15549
Radeon RX 7650 GRE,18485
Radeon RX 7700,22146
Radeon RX 7700 XT,22668
Radeon RX 7700S,15490
Radeon RX 780,7657
Radeon RX 7800 XT,24259
Radeon RX 7800M,16134
Radeon RX 7900 GRE,27199
Radeon RX 7900 XT,28979
Radeon RX 7900 XTX,31293
Radeon RX 7900M,22383
Radeon RX 9060,17730
Radeon RX 9060 XT 16GB,20031
Radeon RX 9060 XT 8GB,19844
Radeon RX 9070,25398
Radeon RX 9070 GRE,24418
Radeon RX 9070 XT,26901
Radeon RX Vega - Renoir Ryzen 3 5300U,2312
Radeon RX Vega 10,1628
Radeon RX Vega 10 Ryzen 7 3700C,1166
Radeon RX Vega 10 Ryzen 7 3700U,1476
Radeon RX Vega 10 Ryzen 7 3750H,1867
Radeon RX Vega 10 Ryzen 7 PRO 3700U w/,1447
Radeon RX Vega 11,2091
Radeon RX Vega 11 PRD,2401
Radeon RX Vega 11 Processor,1783
Radeon RX Vega 11 Ryzen 5 3350G,1898
Radeon RX Vega 11 Ryzen 5 3400G,2142
Radeon RX Vega 11 Ryzen 5 3400GE,1949
Radeon RX Vega 56,13011
Radeon RX Vega 6,1492
Radeon RX Vega 6 Ryzen 3 3200U,906
Radeon RX Vega 64,13937
Radeon RX Vega 8,1540
Radeon RX Vega M GH,6548
Radeon RX Vega M GL,3905
Radeon RX Vega Ryzen 3 5300U,2329
Radeon RX Vega Ryzen 5 5500U,2356
Radeon RX Vega Ryzen 5 5600GT,9558
Radeon RX Vega Ryzen 7 5825U,2916
Radeon RX Vega11,1605
Radeon RX Vega11 Ryzen 7 3750H,1594
Radeon RX Vega11 Ryzen 7 Microsoft Surface Edition,1519
Radeon RX590 GME,8342
Radeon Ryzen 3 3250U,793
Radeon Ryzen 3 5300U,1542
Radeon Ryzen 3 5425U,1561
Radeon Ryzen 3 7330U,1585
Radeon Ryzen 3 7335U,2152
Radeon Ryzen 3 PRO 4355GE,1622
Radeon Ryzen 3 PRO 5355G,2544
Radeon Ryzen 3 PRO 5355GE,1951
Radeon Ryzen 3 PRO 5450U,1640
Radeon Ryzen 3 PRO 5475U,1650
Radeon Ryzen 3 PRO 7330U,1853
Radeon Ryzen 3 PRO 7335U,1978
Radeon Ryzen 5 3450U,1105
Radeon Ryzen 5 3550H,1290
Radeon Ryzen 5 4600GE with Radeon Graphics,2337
Radeon Ryzen 5 5500GT,2456
Radeon Ryzen 5 5500H,2019
Radeon Ryzen 5 5500U,2023
Radeon Ryzen 5 5560U,2036
Radeon Ryzen 5 5600GE,2330
Radeon Ryzen 5 5600GT,2408
Radeon Ryzen 5 5600H,2379
Radeon Ryzen 5 5600U,2093
Radeon Ryzen 5 5625U,2074
Radeon Ryzen 5 6600H,3466
Radeon Ryzen 5 6600HS Creator Edition,3789
Radeon Ryzen 5 6600U,3205
Radeon Ryzen 5 7430U,2323
Radeon Ryzen 5 7530U,2198
Radeon Ryzen 5 7533HS,3442
Radeon Ryzen 5 7535HS,3157
Radeon Ryzen 5 7535U,3158
Radeon Ryzen 5 7600 6-Core,1696
Radeon Ryzen 5 7600X 6-Core,1628
Radeon Ryzen 5 7600X3D 6-Core,1791
Radeon Ryzen 5 Microsoft Surface Edition,2037
Radeon Ryzen 5 PRO 4400G,2272
Radeon Ryzen 5 PRO 4655G,2267
Radeon Ryzen 5 PRO 4655GE,2217
Radeon Ryzen 5 PRO 5650G,2316
Radeon Ryzen 5 PRO 5650GE,2251
Radeon Ryzen 5 PRO 5655G,2397
Radeon Ryzen 5 PRO 5655GE,1781
Radeon Ryzen 5 PRO 5675U,1881
Radeon Ryzen 5 PRO 6650H,3194
Radeon Ryzen 5 PRO 6650U,3602
Radeon Ryzen 5 PRO 7445 6-Core,1591
Radeon Ryzen 5 Pro 7535U,2849
Radeon Ryzen 5 PRO 7645 6-Core,1619
Radeon Ryzen 7 3700U,1217
Radeon Ryzen 7 4700G,2553
Radeon Ryzen 7 4700GE,2586
Radeon Ryzen 7 4700U,2044
Radeon Ryzen 7 4800H,3214
Radeon Ryzen 7 4800HS,3058
Radeon Ryzen 7 4800U,2301
Radeon Ryzen 7 5700U,2217
Radeon Ryzen 7 5800H,2845
Radeon Ryzen 7 5800HS,2562
Radeon Ryzen 7 5800U,2385
Radeon Ryzen 7 5825U,2418
Radeon Ryzen 7 6800H,4842
Radeon Ryzen 7 6800HS,6012
Radeon Ryzen 7 6800HS Creator Edition,5370
Radeon Ryzen 7 6800U,4213
Radeon Ryzen 7 6810U,5937
Radeon Ryzen 7 7700 8-Core,1671
Radeon Ryzen 7 7700X 8-Core,1795
Radeon Ryzen 7 7730U,2344
Radeon Ryzen 7 7735H,5325
Radeon Ryzen 7 7735HS,4942
Radeon Ryzen 7 7735U,4663
Radeon Ryzen 7 7736U,5825
Radeon Ryzen 7 7800X3D 8-Core,1734
Radeon Ryzen 7 Microsoft Surface Edition,2244
Radeon Ryzen 7 PRO 4750G,2535
Radeon Ryzen 7 PRO 4750GE,2357
Radeon Ryzen 7 PRO 4750U,1984
Radeon Ryzen 7 PRO 5755G,2733
Radeon Ryzen 7 PRO 5755GE,2119
Radeon Ryzen 7 PRO 5800H,2944
Radeon Ryzen 7 PRO 5875U,2203
Radeon Ryzen 7 PRO 6850H,5497
Radeon Ryzen 7 PRO 6850HS,5057
Radeon Ryzen 7 PRO 6850U,5071
Radeon Ryzen 7 PRO 6860Z,4536
Radeon Ryzen 7 PRO 7730U,2270
Radeon Ryzen 7 Pro 7735U,3867
Radeon Ryzen 7 PRO 7745 8-Core,1660
Radeon Ryzen 9 4900H,2553
Radeon Ryzen 9 4950U Mobile,2594
Radeon Ryzen 9 5900H,1609
Radeon Ryzen 9 6900HS,6769
Radeon Ryzen 9 6900HS Creator Edition,5155
Radeon Ryzen 9 7900 12-Core,1880
Radeon Ryzen 9 7900X 12-Core,2150
Radeon Ryzen 9 7900X3D 12-Core,1763
Radeon Ryzen 9 7950X 16-Core,3147
Radeon Ryzen 9 7950X3D 16-Core,1645
Radeon Ryzen 9 PRO 6950H,5600
Radeon Ryzen 9 PRO 6950HS,4351
Radeon Ryzen 9 PRO 7945 12-Core,1608
Radeon Ryzen Embedded R2312,837
Radeon Ryzen Embedded R2314,1162
Radeon Ryzen Embedded R2514,1373
Radeon Ryzen Embedded R2544,1864
Radeon Ryzen Embedded V2516,1723
Radeon Ryzen Embedded V2546,1435
Radeon Ryzen Embedded V2718,1998
Radeon Ryzen Embedded V2748,2216
Radeon Ryzen Z2 Go,4999
Radeon Sky 500,4722
Radeon TM,5539
Radeon TM R9 A360,2060
Radeon VE,2
Radeon Vega 10,1512
Radeon Vega 10 Mobile,1535
Radeon Vega 10 Ryzen 7 PRO 3700U w/,1589
Radeon Vega 11,1862
Radeon Vega 11 Ryzen 5 PRO 3350G,2178
Radeon Vega 11 Ryzen 5 PRO 3350GE,1810
Radeon Vega 11 Ryzen 5 PRO 3400G,2001
Radeon Vega 11 Ryzen 5 PRO 3400GE w/,1578
Radeon Vega 2,506
Radeon Vega 2 Athlon Silver 3050U,496
Radeon Vega 3,891
Radeon Vega 3 3020e,534
Radeon Vega 3 Athlon 3000G,948
Radeon Vega 3 Athlon 300GE,996
Radeon Vega 3 Athlon 300U,809
Radeon Vega 3 Athlon 320GE,718
Radeon Vega 3 Athlon Gold 3150C,366
Radeon Vega 3 Athlon Gold 3150G,1088
Radeon Vega 3 Athlon Gold 3150U,664
Radeon Vega 3 Athlon PRO 300GE w/,1090
Radeon Vega 3 Athlon Silver 3050e,515
Radeon Vega 3 Athlon Silver 3050U,835
Radeon Vega 3 Mobile,1052
Radeon Vega 3 Ryzen 3 3200U,833
Radeon Vega 3 Ryzen 3 3250U,687
Radeon Vega 3 Ryzen Embedded R1305G,580
Radeon Vega 3 Ryzen Embedded R1505G,731
Radeon Vega 3 Ryzen Embedded R1606G,892
Radeon Vega 6,1310
Radeon Vega 6 Ryzen 3 3300U,1352
Radeon Vega 6 Ryzen 3 3350U,1420
Radeon Vega 6 Ryzen 3 PRO 3300U w/,1303
Radeon Vega 8,1568
Radeon Vega 8 Mobile,1440
Radeon Vega 8 Ryzen 3 3200G,1669
Radeon Vega 8 Ryzen 3 3200GE,1872
Radeon Vega 8 Ryzen 3 PRO 3200G,1390
Radeon Vega 8 Ryzen 3 PRO 3200GE w/,1549
Radeon Vega 8 Ryzen 5 3450U,1302
Radeon Vega 8 Ryzen 5 3500U,1359
Radeon Vega 8 Ryzen 5 3550H,1717
Radeon Vega 8 Ryzen 5 3580U,1621
Radeon Vega 8 Ryzen 5 PRO 3500U w/,1477
Radeon Vega 9,1587
Radeon Vega 9 Ryzen 5 3550H,1516
Radeon Vega 9 Ryzen 5 Microsoft Surface Edition,1521
Radeon Vega Frontier Edition,12684
Radeon VII,16279
Radeon X1050,49
Radeon X1200,32
Radeon X1250,37
Radeon X1270,31
Radeon X1300,58
Radeon X1300 PRO,84
Radeon X1550,66
Radeon X1550 64-bit,47
Radeon X1600,49
Radeon X1600 Pro,98
Radeon X1600 Pro / X1300XT,69
Radeon X1600 XT,115
Radeon X1650 GTO,74
Radeon X1650 Pro,84
Radeon X1650 SE,71
Radeon X1700 Targa Edition,116
Radeon X1800 GTO,140
Radeon X1900 CrossFire Edition,137
Radeon X1900 GT,145
Radeon X1950 CrossFire Edition,151
Radeon X1950 GT,106
Radeon X1950 Pro,112
RADEON X300SE,38
RADEON X550,50
RADEON X550XT,56
Radeon X550XTX,70
RADEON X600 256MB HyperMemory,56
RADEON X600 PRO,67
RADEON X600 SE,49
RADEON X600XT,91
RADEON X700,72
RADEON X700 PRO,75
RADEON X700 SE,71
RADEON X800 GT,84
RADEON X800 GTO,114
RADEON X800 PRO,64
RADEON X800 PRO/GTO,73
RADEON X800 SE,129
RADEON X800 XL,69
RADEON X800 XT,97
RADEON X800 XT Platinum Edition,81
RADEON X800GT,79
RADEON X850 PRO,72
RADEON X850 XT,81
RADEON X850 XT Platinum Edition,81
Radeon Xpress 1100,34
Radeon Xpress 1150,29
Radeon Xpress 1200,35
Radeon Xpress 1250,42
Radeon Xpress 1270,26
Radeon Xpress 1300,52
Radeon Xpress 1300M,40
RADEON XPRESS 200,29
RADEON XPRESS 200 CROSSFIRE,18
RADEON XPRESS 200M,22
RadeonT 610M,1063
RadeonT 660M,2220
RadeonT 660M Ryzen 5 6600H,4188
RadeonT 660M Ryzen 5 7535HS,4051
RadeonT 680M Ryzen 7 6800H,2381
RadeonT 680M Ryzen 7 7735HS,5680
RadeonT 780M,7098
RadeonT Athlon Silver 3050e,741
RadeonT RX 6850M XT,13992
RadeonT RX Vega 11,1916
RadeonT Ryzen 3 3250U,581
Rage 128 Pro,1
RAGE 128 PRO AGP 4X TMDS,1
Rage Fury Pro/Xpert 2000 Pro,3
RDPDD Chained DD,217
Red Hat QXL controller,52
RemotePC Adapter,5928
RGH Drivers v3,11
RIVA TNT2 Model 64/Model 64 Pro,3
RIVA TNT2/TNT2 Pro,3
RTX 1000 Ada Generation Laptop GPU,13511
RTX 2000 Ada Generation,17164
RTX 2000 Ada Generation Embedded GPU,15316
RTX 2000 Ada Generation Laptop GPU,14929
RTX 2000E Ada Generation,15464
RTX 3000 Ada Generation Laptop GPU,15897
RTX 3500 Ada Generation Embedded GPU,25266
RTX 3500 Ada Generation Laptop GPU,19605
RTX 4000 Ada Generation,24070
RTX 4000 Ada Generation Laptop GPU,22157
RTX 4000 SFF Ada Generation,20671
RTX 4500 Ada Generation,27849
RTX 500 Ada Generation Laptop GPU,11150
RTX 5000 Ada Generation,30223
RTX 5000 Ada Generation Embedded GPU,17055
RTX 5000 Ada Generation Laptop GPU,23269
RTX 5880 Ada Generation,25095
RTX 6000 Ada Generation,28453
RTX A1000,10815
RTX A1000 6GB Laptop GPU,10046
RTX A1000 Embedded GPU,11009
RTX A1000 Laptop GPU,9473
RTX A2000,13469
RTX A2000 12GB,13711
RTX A2000 8GB Laptop GPU,10514
RTX A2000 Embedded GPU,11117
RTX A2000 Laptop GPU,9528
RTX A3000 12GB Laptop GPU,13917
RTX A3000 Laptop GPU,12696
RTX A400,5972
RTX A4000,19473
RTX A4000 Laptop GPU,14753
RTX A4000H,11815
RTX A4500,21136
RTX A4500 Embedded GPU,8525
RTX A4500 Laptop GPU,16583
RTX A500 Embedded GPU,6197
RTX A500 Laptop GPU,6610
RTX A5000,22944
RTX A5000 Laptop GPU,16287
RTX A5500,21107
RTX A5500 Laptop GPU,17119
RTX A6000,22824
RTX PRO 1000 Blackwell Generation Laptop GPU,14970
RTX PRO 2000 Blackwell,16791
RTX PRO 2000 Blackwell Generation Laptop GPU,17015
RTX PRO 3000 Blackwell Generation Laptop GPU,23478
RTX PRO 4000 Blackwell,24196
RTX PRO 4000 Blackwell Generation Laptop GPU,24892
RTX PRO 4000 Blackwell SFF Edition,30019
RTX PRO 4500 Blackwell,34558
RTX PRO 500 Blackwell Generation Laptop GPU,13283
RTX PRO 5000 Blackwell,33257
RTX PRO 5000 Blackwell Generation Laptop GPU,26054
RTX Pro 6000 Blackwell DC-12Q,2747
RTX Pro 6000 Blackwell DC-24Q,5044
RTX PRO 6000 Blackwell Max-Q Workstation Edition,31851
RTX PRO 6000 Blackwell Server Edition,42222
RTX PRO 6000 Blackwell Workstation Edition,36415
RTX6000-Ada-6Q,23236
RV530 PRO,118
Ryzen 3 4300G with Radeon Graphics,1692
Ryzen 3 4300GE with Radeon Graphics,2323
Ryzen 3 4300U with Radeon Graphics,1379
Ryzen 3 5300G with Radeon Graphics,1969
Ryzen 3 5300GE with Radeon Graphics,1957
Ryzen 3 5300U with Radeon Graphics,1539
Ryzen 3 5400U with Radeon Graphics,1598
Ryzen 3 5425U with Radeon Graphics,1691
Ryzen 3 7330U with Radeon Graphics,1693
Ryzen 3 7335U with Radeon Graphics,1980
Ryzen 3 PRO 4200GE with Radeon Graphics,1748
Ryzen 3 PRO 4300U with Radeon Graphics,1542
Ryzen 3 Pro 4350G with Radeon Graphics,2055
Ryzen 3 PRO 4350GE with Radeon Graphics,1943
Ryzen 3 PRO 4450U with Radeon Graphics,1475
Ryzen 3 PRO 5350G with Radeon Graphics,2304
Ryzen 3 PRO 5350GE with Radeon Graphics,1799
Ryzen 3 PRO 5450U with Radeon Graphics,1617
Ryzen 3 PRO 5475U with Radeon Graphics,1431
Ryzen 3 PRO 7330U with Radeon Graphics,2144
Ryzen 5 2500U with Radeon Vega,1503
Ryzen 5 4500U with Radeon Graphics,1804
Ryzen 5 4600G with Radeon Graphics,2333
Ryzen 5 4600H with Radeon Graphics,2132
Ryzen 5 4600HS with Radeon Graphics,8370
Ryzen 5 4600U with Radeon Graphics,1903
Ryzen 5 5500GT with Radeon Graphics,2224
Ryzen 5 5500U with Radeon Graphics,1970
Ryzen 5 5560U with Radeon Graphics,2098
Ryzen 5 5600G with Radeon Graphics,2550
Ryzen 5 5600GE with Radeon Graphics,2547
Ryzen 5 5600GT with Radeon Graphics,2200
Ryzen 5 5600H with Radeon Graphics,2297
Ryzen 5 5600U with Radeon Graphics,2150
Ryzen 5 5625U with Radeon Graphics,1996
Ryzen 5 6600H with Radeon Graphics,3579
Ryzen 5 6600HS Creator Edition,3690
Ryzen 5 6600U with Radeon Graphics,3233
Ryzen 5 7430U with Radeon Graphics,2270
Ryzen 5 7530U with Radeon Graphics,2250
Ryzen 5 7535U with Radeon Graphics,3323
Ryzen 5 9600X 6-Core Processor,1858
Ryzen 5 PRO 4400G with Radeon Graphics,2305
Ryzen 5 PRO 4400GE with Radeon Graphics,1441
Ryzen 5 PRO 4500U with Radeon Graphics,2007
Ryzen 5 Pro 4650G with Radeon Graphics,2375
Ryzen 5 PRO 4650GE with Radeon Graphics,2167
Ryzen 5 PRO 4650U with Radeon Graphics,1677
Ryzen 5 PRO 5650G with Radeon Graphics,2481
Ryzen 5 PRO 5650GE with Radeon Graphics,2455
Ryzen 5 PRO 5650U with Radeon Graphics,1992
Ryzen 5 PRO 5675U with Radeon Graphics,1719
Ryzen 5 PRO 6650U,3519
Ryzen 5 PRO 6650U with Radeon Graphics,3533
Ryzen 5 PRO 7530U with Radeon Graphics,1911
Ryzen 5 Pro 7535U with Radeon Graphics,3750
Ryzen 7 2700U with Radeon Vega,1617
Ryzen 7 4700G with Radeon Graphics,2186
Ryzen 7 4700GE with Radeon Graphics,2496
Ryzen 7 4700U with Radeon Graphics,2034
Ryzen 7 4800H with Radeon Graphics,2113
Ryzen 7 4800U with Radeon Graphics,2343
Ryzen 7 5700G with Radeon Graphics,2730
Ryzen 7 5700GE with Radeon Graphics,2606
Ryzen 7 5700U with Radeon Graphics,2241
Ryzen 7 5800H with Radeon Graphics,2736
Ryzen 7 5800HS with Radeon Graphics,2795
Ryzen 7 5800U with Radeon Graphics,2310
Ryzen 7 5825U with Radeon Graphics,2351
Ryzen 7 6800H,5247
Ryzen 7 6800H with Radeon Graphics,4959
Ryzen 7 6800HS,5237
Ryzen 7 6800HS Creator Edition,5465
Ryzen 7 6800HS with Radeon Graphics,6240
Ryzen 7 6800U,5006
Ryzen 7 6800U with Radeon Graphics,4760
Ryzen 7 7730U with Radeon Graphics,2433
Ryzen 7 7735HS with Radeon Graphics,5175
Ryzen 7 7735U with Radeon Graphics,5081
Ryzen 7 9700X 8-Core Processor,2250
Ryzen 7 9800X3D 8-Core Processor,1830
Ryzen 7 Extreme Edition,2151
Ryzen 7 Pro 4750G with Radeon Graphics,2681
Ryzen 7 PRO 4750GE with Radeon Graphics,2549
Ryzen 7 PRO 4750U with Radeon Graphics,2029
Ryzen 7 PRO 5750G with Radeon Graphics,2358
Ryzen 7 PRO 5750GE with Radeon Graphics,2382
Ryzen 7 PRO 5850U with Radeon Graphics,2275
Ryzen 7 PRO 5875U with Radeon Graphics,2067
Ryzen 7 PRO 6850H with Radeon Graphics,5790
Ryzen 7 PRO 6850HS with Radeon Graphics,4087
Ryzen 7 PRO 6850U,5580
Ryzen 7 PRO 6850U with Radeon Graphics,5116
Ryzen 7 PRO 6860Z,5076
Ryzen 7 PRO 6860Z with Radeon Graphics,4869
Ryzen 7 PRO 7730U with Radeon Graphics,2566
Ryzen 7 Pro 7735U with Radeon Graphics,5142
Ryzen 9 4900HS with Radeon Graphics,6790
Ryzen 9 5900HS with Radeon Graphics,5206
Ryzen 9 5900HX with Radeon Graphics,2939
Ryzen 9 6900HS,8005
Ryzen 9 6900HS with Radeon Graphics,6109
Ryzen 9 6900HX with Radeon Graphics,5117
Ryzen 9 9900X 12-Core Processor,1729
Ryzen 9 9950X 16-Core Processor,1770
Ryzen 9 PRO 6950H,5758
Ryzen 9 PRO 6950H with Radeon Graphics,6176
Ryzen 9 PRO 6950HS with Radeon Graphics,4704
S3 5400EW,146
S3 Chrome 430 ULP,39
S3 Chrome S25 DDR2,18
S3 Chrome S27 DDR3,33
S3 Inc. Savage4,3
S3 ProSavageDDR,1
S3 SuperSavage/IXC 1014,1
SAPPHIRE RADEON 9000 ATLANTIS PRO,5
SAPPHIRE RADEON 9600 ATLANTIS,47
SAPPHIRE Radeon X1550,61
Sapphire RADEON X800 GT,112
Seria Mobility Radeon HD 3400,124
Seria Radeon HD 7700,1603
Snapdragon X Elite - X1E001DE - Qualcomm Adreno GP,3245
Snapdragon X Elite - X1E78100 - Qualcomm Adreno GP,2572
Snapdragon X Elite - X1E80100 - Qualcomm Adreno GP,2603
Snapdragon X Elite - X1E84100 - Qualcomm Adreno GP,2981
Snapdragon X Plus - X1P64100 - Qualcomm Adreno GPU,2606
spacedesk Adapter,13735
SQExtFramebufferUmode Device,13624
SudoMaker Virtual Display Adapter,21807
SUMO 9640,650
SUMO 9644,465
SUMO 964A,497
SuperDisplay Virtual Adapter,10390
Surface Duo Adreno 640 GPU,592
T1000,7648
T1000 8GB,7678
T1200 Laptop GPU,7807
T400,3612
T400 4GB,3804
T500,3617
T550 Laptop GPU,4775
T600,6402
T600 Laptop GPU,7021
TENSOR 1.0 Driver Intel HD 630,1299
Tesla C2050,3175
Tesla C2050 / C2070,3428
Tesla C2070,3120
Tesla C2075,3016
Tesla K20m,4432
Tesla K20Xm,4403
Tesla K40c,4494
Tesla K40m,3143
Tesla K80,5548
Tesla M10,3173
Tesla M2070-Q,1305
Tesla M40,10219
Tesla M40 24GB,10641
Tesla M6,6224
Tesla M60,7002
Tesla P100-PCIE-16GB,11813
Tesla P4,9011
Tesla P40,11808
Tesla T10,12557
Tesla T4,10152
Tesla V100-PCIE-16GB,12328
Tesla V100-SXM2-16GB,14561
TITAN RTX,20086
TITAN V,20095
TITAN V CEO Edition,16987
TITAN Xp COLLECTORS EDITION,18647
TRINITY DEVASTATOR MOBILE,578
TRINITY SCRAPPER MOBILE,498
USB Mobile Monitor Virtual Display,19366
V9560XT,6
Vanta/Vanta LT,3
VIA C9-HD IGP,12
VIA Chrome9 HC IGP,4
VIA Chrome9 HC IGP Family,3
VIA Chrome9 HC IGP Family WDDM,3
VIA Chrome9 HC IGP Prerelease WDDM 1.1,2
VIA Chrome9 HC IGP WDDM,2
VIA Chrome9 HC IGP WDDM 1.1,3
VIA Chrome9 HC3 IGP,2
VIA Chrome9 HCM IGP,1
VIA Chrome9 HD IGP,10
VIA/S3G C-645/640 GPU,132
VIA/S3G Chrome 645/640 GPU,109
VIA/S3G DeltaChrome IGP,3
VIA/S3G KM400/KN400,4
VIA/S3G UniChrome IGP,4
VIA/S3G UniChrome Pro IGP,4
VIA/S3G UniChromeII,5
Virtual Desktop Monitor,23680
Virtual Display Device,1602
Virtual Display Driver,30674
Virtual Display with HDR,38942
VirtualMonitor Device,11665
VisionTek Radeon 7000,1
VMware Horizon Indirect Display Driver,3565
VNC Mirror Driver,5042
WinFast A250 LE,4
Xabre,5
XGI Volari Family v1.13.23.D_V,4
ZX C-1080,318
ZX C-1190,346
ZX C-960,76
ZX Chrome 645/640 GPU,147
